"FullName","LastWriteTime"
"C:\Users\user\Documents\Learning Hub\client\.env","2/7/2026 6:45:40 PM"
"C:\Users\user\Documents\Learning Hub\client\node_modules\@supabase","2/7/2026 6:23:45 PM"
"C:\Users\user\Documents\Learning Hub\client\node_modules\@types","2/7/2026 6:23:45 PM"
"C:\Users\user\Documents\Learning Hub\client\node_modules\iceberg-js","2/7/2026 6:23:46 PM"
"C:\Users\user\Documents\Learning Hub\client\node_modules\tslib","2/7/2026 6:23:46 PM"
"C:\Users\user\Documents\Learning Hub\client\node_modules\undici-types","2/7/2026 6:23:46 PM"
"C:\Users\user\Documents\Learning Hub\client\node_modules\ws","2/7/2026 6:23:46 PM"
"C:\Users\user\Documents\Learning Hub\client\node_modules\.vite\deps\@supabase_supabase-js.js","2/7/2026 6:24:32 PM"
"C:\Users\user\Documents\Learning Hub\client\node_modules\.vite\deps\@supabase_supabase-js.js.map","2/7/2026 6:24:31 PM"
"C:\Users\user\Documents\Learning Hub\client\node_modules\.vite\deps\clsx.js","2/7/2026 6:24:31 PM"
"C:\Users\user\Documents\Learning Hub\client\node_modules\.vite\deps\clsx.js.map","2/7/2026 6:24:32 PM"
"C:\Users\user\Documents\Learning Hub\client\node_modules\.vite\deps\tailwind-merge.js","2/7/2026 6:24:32 PM"
"C:\Users\user\Documents\Learning Hub\client\node_modules\.vite\deps\tailwind-merge.js.map","2/7/2026 6:24:31 PM"
"C:\Users\user\Documents\Learning Hub\client\node_modules\@supabase\auth-js","2/7/2026 6:23:46 PM"
"C:\Users\user\Documents\Learning Hub\client\node_modules\@supabase\functions-js","2/7/2026 6:23:46 PM"
"C:\Users\user\Documents\Learning Hub\client\node_modules\@supabase\postgrest-js","2/7/2026 6:23:46 PM"
"C:\Users\user\Documents\Learning Hub\client\node_modules\@supabase\realtime-js","2/7/2026 6:23:46 PM"
"C:\Users\user\Documents\Learning Hub\client\node_modules\@supabase\storage-js","2/7/2026 6:23:46 PM"
"C:\Users\user\Documents\Learning Hub\client\node_modules\@supabase\supabase-js","2/7/2026 6:23:46 PM"
"C:\Users\user\Documents\Learning Hub\client\node_modules\@supabase\auth-js\dist","2/7/2026 6:23:46 PM"
"C:\Users\user\Documents\Learning Hub\client\node_modules\@supabase\auth-js\src","2/7/2026 6:23:46 PM"
"C:\Users\user\Documents\Learning Hub\client\node_modules\@supabase\auth-js\LICENSE","2/7/2026 6:23:46 PM"
"C:\Users\user\Documents\Learning Hub\client\node_modules\@supabase\auth-js\package.json","2/7/2026 6:23:46 PM"
"C:\Users\user\Documents\Learning Hub\client\node_modules\@supabase\auth-js\README.md","2/7/2026 6:23:46 PM"
"C:\Users\user\Documents\Learning Hub\client\node_modules\@supabase\auth-js\dist\main","2/7/2026 6:23:46 PM"
"C:\Users\user\Documents\Learning Hub\client\node_modules\@supabase\auth-js\dist\module","2/7/2026 6:23:46 PM"
"C:\Users\user\Documents\Learning Hub\client\node_modules\@supabase\auth-js\dist\tsconfig.module.tsbuildinfo","2/7/2026 6:23:46 PM"
"C:\Users\user\Documents\Learning Hub\client\node_modules\@supabase\auth-js\dist\tsconfig.tsbuildinfo","2/7/2026 6:23:46 PM"
"C:\Users\user\Documents\Learning Hub\client\node_modules\@supabase\auth-js\dist\main\lib","2/7/2026 6:23:46 PM"
"C:\Users\user\Documents\Learning Hub\client\node_modules\@supabase\auth-js\dist\main\AuthAdminApi.d.ts","2/7/2026 6:23:46 PM"
"C:\Users\user\Documents\Learning Hub\client\node_modules\@supabase\auth-js\dist\main\AuthAdminApi.d.ts.map","2/7/2026 6:23:46 PM"
"C:\Users\user\Documents\Learning Hub\client\node_modules\@supabase\auth-js\dist\main\AuthAdminApi.js","2/7/2026 6:23:46 PM"
"C:\Users\user\Documents\Learning Hub\client\node_modules\@supabase\auth-js\dist\main\AuthAdminApi.js.map","2/7/2026 6:23:46 PM"
"C:\Users\user\Documents\Learning Hub\client\node_modules\@supabase\auth-js\dist\main\AuthClient.d.ts","2/7/2026 6:23:46 PM"
"C:\Users\user\Documents\Learning Hub\client\node_modules\@supabase\auth-js\dist\main\AuthClient.d.ts.map","2/7/2026 6:23:46 PM"
"C:\Users\user\Documents\Learning Hub\client\node_modules\@supabase\auth-js\dist\main\AuthClient.js","2/7/2026 6:23:46 PM"
"C:\Users\user\Documents\Learning Hub\client\node_modules\@supabase\auth-js\dist\main\AuthClient.js.map","2/7/2026 6:23:46 PM"
"C:\Users\user\Documents\Learning Hub\client\node_modules\@supabase\auth-js\dist\main\GoTrueAdminApi.d.ts","2/7/2026 6:23:46 PM"
"C:\Users\user\Documents\Learning Hub\client\node_modules\@supabase\auth-js\dist\main\GoTrueAdminApi.d.ts.map","2/7/2026 6:23:46 PM"
"C:\Users\user\Documents\Learning Hub\client\node_modules\@supabase\auth-js\dist\main\GoTrueAdminApi.js","2/7/2026 6:23:46 PM"
"C:\Users\user\Documents\Learning Hub\client\node_modules\@supabase\auth-js\dist\main\GoTrueAdminApi.js.map","2/7/2026 6:23:46 PM"
"C:\Users\user\Documents\Learning Hub\client\node_modules\@supabase\auth-js\dist\main\GoTrueClient.d.ts","2/7/2026 6:23:46 PM"
"C:\Users\user\Documents\Learning Hub\client\node_modules\@supabase\auth-js\dist\main\GoTrueClient.d.ts.map","2/7/2026 6:23:46 PM"
"C:\Users\user\Documents\Learning Hub\client\node_modules\@supabase\auth-js\dist\main\GoTrueClient.js","2/7/2026 6:23:46 PM"
"C:\Users\user\Documents\Learning Hub\client\node_modules\@supabase\auth-js\dist\main\GoTrueClient.js.map","2/7/2026 6:23:46 PM"
"C:\Users\user\Documents\Learning Hub\client\node_modules\@supabase\auth-js\dist\main\index.d.ts","2/7/2026 6:23:46 PM"
"C:\Users\user\Documents\Learning Hub\client\node_modules\@supabase\auth-js\dist\main\index.d.ts.map","2/7/2026 6:23:46 PM"
"C:\Users\user\Documents\Learning Hub\client\node_modules\@supabase\auth-js\dist\main\index.js","2/7/2026 6:23:46 PM"
"C:\Users\user\Documents\Learning Hub\client\node_modules\@supabase\auth-js\dist\main\index.js.map","2/7/2026 6:23:46 PM"
"C:\Users\user\Documents\Learning Hub\client\node_modules\@supabase\auth-js\dist\main\lib\web3","2/7/2026 6:23:46 PM"
"C:\Users\user\Documents\Learning Hub\client\node_modules\@supabase\auth-js\dist\main\lib\base64url.d.ts","2/7/2026 6:23:46 PM"
"C:\Users\user\Documents\Learning Hub\client\node_modules\@supabase\auth-js\dist\main\lib\base64url.d.ts.map","2/7/2026 6:23:46 PM"
"C:\Users\user\Documents\Learning Hub\client\node_modules\@supabase\auth-js\dist\main\lib\base64url.js","2/7/2026 6:23:46 PM"
"C:\Users\user\Documents\Learning Hub\client\node_modules\@supabase\auth-js\dist\main\lib\base64url.js.map","2/7/2026 6:23:46 PM"
"C:\Users\user\Documents\Learning Hub\client\node_modules\@supabase\auth-js\dist\main\lib\constants.d.ts","2/7/2026 6:23:46 PM"
"C:\Users\user\Documents\Learning Hub\client\node_modules\@supabase\auth-js\dist\main\lib\constants.d.ts.map","2/7/2026 6:23:46 PM"
"C:\Users\user\Documents\Learning Hub\client\node_modules\@supabase\auth-js\dist\main\lib\constants.js","2/7/2026 6:23:46 PM"
"C:\Users\user\Documents\Learning Hub\client\node_modules\@supabase\auth-js\dist\main\lib\constants.js.map","2/7/2026 6:23:46 PM"
"C:\Users\user\Documents\Learning Hub\client\node_modules\@supabase\auth-js\dist\main\lib\error-codes.d.ts","2/7/2026 6:23:46 PM"
"C:\Users\user\Documents\Learning Hub\client\node_modules\@supabase\auth-js\dist\main\lib\error-codes.d.ts.map","2/7/2026 6:23:46 PM"
"C:\Users\user\Documents\Learning Hub\client\node_modules\@supabase\auth-js\dist\main\lib\error-codes.js","2/7/2026 6:23:46 PM"
"C:\Users\user\Documents\Learning Hub\client\node_modules\@supabase\auth-js\dist\main\lib\error-codes.js.map","2/7/2026 6:23:46 PM"
"C:\Users\user\Documents\Learning Hub\client\node_modules\@supabase\auth-js\dist\main\lib\errors.d.ts","2/7/2026 6:23:46 PM"
"C:\Users\user\Documents\Learning Hub\client\node_modules\@supabase\auth-js\dist\main\lib\errors.d.ts.map","2/7/2026 6:23:46 PM"
"C:\Users\user\Documents\Learning Hub\client\node_modules\@supabase\auth-js\dist\main\lib\errors.js","2/7/2026 6:23:46 PM"
"C:\Users\user\Documents\Learning Hub\client\node_modules\@supabase\auth-js\dist\main\lib\errors.js.map","2/7/2026 6:23:46 PM"
"C:\Users\user\Documents\Learning Hub\client\node_modules\@supabase\auth-js\dist\main\lib\fetch.d.ts","2/7/2026 6:23:46 PM"
"C:\Users\user\Documents\Learning Hub\client\node_modules\@supabase\auth-js\dist\main\lib\fetch.d.ts.map","2/7/2026 6:23:46 PM"
"C:\Users\user\Documents\Learning Hub\client\node_modules\@supabase\auth-js\dist\main\lib\fetch.js","2/7/2026 6:23:46 PM"
"C:\Users\user\Documents\Learning Hub\client\node_modules\@supabase\auth-js\dist\main\lib\fetch.js.map","2/7/2026 6:23:46 PM"
"C:\Users\user\Documents\Learning Hub\client\node_modules\@supabase\auth-js\dist\main\lib\helpers.d.ts","2/7/2026 6:23:46 PM"
"C:\Users\user\Documents\Learning Hub\client\node_modules\@supabase\auth-js\dist\main\lib\helpers.d.ts.map","2/7/2026 6:23:46 PM"
"C:\Users\user\Documents\Learning Hub\client\node_modules\@supabase\auth-js\dist\main\lib\helpers.js","2/7/2026 6:23:46 PM"
"C:\Users\user\Documents\Learning Hub\client\node_modules\@supabase\auth-js\dist\main\lib\helpers.js.map","2/7/2026 6:23:46 PM"
"C:\Users\user\Documents\Learning Hub\client\node_modules\@supabase\auth-js\dist\main\lib\local-storage.d.ts","2/7/2026 6:23:46 PM"
"C:\Users\user\Documents\Learning Hub\client\node_modules\@supabase\auth-js\dist\main\lib\local-storage.d.ts.map","2/7/2026 6:23:46 PM"
"C:\Users\user\Documents\Learning Hub\client\node_modules\@supabase\auth-js\dist\main\lib\local-storage.js","2/7/2026 6:23:46 PM"
"C:\Users\user\Documents\Learning Hub\client\node_modules\@supabase\auth-js\dist\main\lib\local-storage.js.map","2/7/2026 6:23:46 PM"
"C:\Users\user\Documents\Learning Hub\client\node_modules\@supabase\auth-js\dist\main\lib\locks.d.ts","2/7/2026 6:23:46 PM"
"C:\Users\user\Documents\Learning Hub\client\node_modules\@supabase\auth-js\dist\main\lib\locks.d.ts.map","2/7/2026 6:23:46 PM"
"C:\Users\user\Documents\Learning Hub\client\node_modules\@supabase\auth-js\dist\main\lib\locks.js","2/7/2026 6:23:46 PM"
"C:\Users\user\Documents\Learning Hub\client\node_modules\@supabase\auth-js\dist\main\lib\locks.js.map","2/7/2026 6:23:46 PM"
"C:\Users\user\Documents\Learning Hub\client\node_modules\@supabase\auth-js\dist\main\lib\polyfills.d.ts","2/7/2026 6:23:46 PM"
"C:\Users\user\Documents\Learning Hub\client\node_modules\@supabase\auth-js\dist\main\lib\polyfills.d.ts.map","2/7/2026 6:23:46 PM"
"C:\Users\user\Documents\Learning Hub\client\node_modules\@supabase\auth-js\dist\main\lib\polyfills.js","2/7/2026 6:23:46 PM"
"C:\Users\user\Documents\Learning Hub\client\node_modules\@supabase\auth-js\dist\main\lib\polyfills.js.map","2/7/2026 6:23:46 PM"
"C:\Users\user\Documents\Learning Hub\client\node_modules\@supabase\auth-js\dist\main\lib\types.d.ts","2/7/2026 6:23:46 PM"
"C:\Users\user\Documents\Learning Hub\client\node_modules\@supabase\auth-js\dist\main\lib\types.d.ts.map","2/7/2026 6:23:46 PM"
"C:\Users\user\Documents\Learning Hub\client\node_modules\@supabase\auth-js\dist\main\lib\types.js","2/7/2026 6:23:46 PM"
"C:\Users\user\Documents\Learning Hub\client\node_modules\@supabase\auth-js\dist\main\lib\types.js.map","2/7/2026 6:23:46 PM"
"C:\Users\user\Documents\Learning Hub\client\node_modules\@supabase\auth-js\dist\main\lib\version.d.ts","2/7/2026 6:23:46 PM"
"C:\Users\user\Documents\Learning Hub\client\node_modules\@supabase\auth-js\dist\main\lib\version.d.ts.map","2/7/2026 6:23:46 PM"
"C:\Users\user\Documents\Learning Hub\client\node_modules\@supabase\auth-js\dist\main\lib\version.js","2/7/2026 6:23:46 PM"
"C:\Users\user\Documents\Learning Hub\client\node_modules\@supabase\auth-js\dist\main\lib\version.js.map","2/7/2026 6:23:46 PM"
"C:\Users\user\Documents\Learning Hub\client\node_modules\@supabase\auth-js\dist\main\lib\webauthn.d.ts","2/7/2026 6:23:46 PM"
"C:\Users\user\Documents\Learning Hub\client\node_modules\@supabase\auth-js\dist\main\lib\webauthn.d.ts.map","2/7/2026 6:23:46 PM"
"C:\Users\user\Documents\Learning Hub\client\node_modules\@supabase\auth-js\dist\main\lib\webauthn.dom.d.ts","2/7/2026 6:23:46 PM"
"C:\Users\user\Documents\Learning Hub\client\node_modules\@supabase\auth-js\dist\main\lib\webauthn.dom.d.ts.map","2/7/2026 6:23:46 PM"
"C:\Users\user\Documents\Learning Hub\client\node_modules\@supabase\auth-js\dist\main\lib\webauthn.dom.js","2/7/2026 6:23:46 PM"
"C:\Users\user\Documents\Learning Hub\client\node_modules\@supabase\auth-js\dist\main\lib\webauthn.dom.js.map","2/7/2026 6:23:46 PM"
"C:\Users\user\Documents\Learning Hub\client\node_modules\@supabase\auth-js\dist\main\lib\webauthn.errors.d.ts","2/7/2026 6:23:46 PM"
"C:\Users\user\Documents\Learning Hub\client\node_modules\@supabase\auth-js\dist\main\lib\webauthn.errors.d.ts.map","2/7/2026 6:23:46 PM"
"C:\Users\user\Documents\Learning Hub\client\node_modules\@supabase\auth-js\dist\main\lib\webauthn.errors.js","2/7/2026 6:23:46 PM"
"C:\Users\user\Documents\Learning Hub\client\node_modules\@supabase\auth-js\dist\main\lib\webauthn.errors.js.map","2/7/2026 6:23:46 PM"
"C:\Users\user\Documents\Learning Hub\client\node_modules\@supabase\auth-js\dist\main\lib\webauthn.js","2/7/2026 6:23:46 PM"
"C:\Users\user\Documents\Learning Hub\client\node_modules\@supabase\auth-js\dist\main\lib\webauthn.js.map","2/7/2026 6:23:46 PM"
"C:\Users\user\Documents\Learning Hub\client\node_modules\@supabase\auth-js\dist\main\lib\web3\ethereum.d.ts","2/7/2026 6:23:46 PM"
"C:\Users\user\Documents\Learning Hub\client\node_modules\@supabase\auth-js\dist\main\lib\web3\ethereum.d.ts.map","2/7/2026 6:23:46 PM"
"C:\Users\user\Documents\Learning Hub\client\node_modules\@supabase\auth-js\dist\main\lib\web3\ethereum.js","2/7/2026 6:23:46 PM"
"C:\Users\user\Documents\Learning Hub\client\node_modules\@supabase\auth-js\dist\main\lib\web3\ethereum.js.map","2/7/2026 6:23:46 PM"
"C:\Users\user\Documents\Learning Hub\client\node_modules\@supabase\auth-js\dist\main\lib\web3\solana.d.ts","2/7/2026 6:23:46 PM"
"C:\Users\user\Documents\Learning Hub\client\node_modules\@supabase\auth-js\dist\main\lib\web3\solana.d.ts.map","2/7/2026 6:23:46 PM"
"C:\Users\user\Documents\Learning Hub\client\node_modules\@supabase\auth-js\dist\main\lib\web3\solana.js","2/7/2026 6:23:46 PM"
"C:\Users\user\Documents\Learning Hub\client\node_modules\@supabase\auth-js\dist\main\lib\web3\solana.js.map","2/7/2026 6:23:46 PM"
"C:\Users\user\Documents\Learning Hub\client\node_modules\@supabase\auth-js\dist\module\lib","2/7/2026 6:23:46 PM"
"C:\Users\user\Documents\Learning Hub\client\node_modules\@supabase\auth-js\dist\module\AuthAdminApi.d.ts","2/7/2026 6:23:46 PM"
"C:\Users\user\Documents\Learning Hub\client\node_modules\@supabase\auth-js\dist\module\AuthAdminApi.d.ts.map","2/7/2026 6:23:46 PM"
"C:\Users\user\Documents\Learning Hub\client\node_modules\@supabase\auth-js\dist\module\AuthAdminApi.js","2/7/2026 6:23:46 PM"
"C:\Users\user\Documents\Learning Hub\client\node_modules\@supabase\auth-js\dist\module\AuthAdminApi.js.map","2/7/2026 6:23:46 PM"
"C:\Users\user\Documents\Learning Hub\client\node_modules\@supabase\auth-js\dist\module\AuthClient.d.ts","2/7/2026 6:23:46 PM"
"C:\Users\user\Documents\Learning Hub\client\node_modules\@supabase\auth-js\dist\module\AuthClient.d.ts.map","2/7/2026 6:23:46 PM"
"C:\Users\user\Documents\Learning Hub\client\node_modules\@supabase\auth-js\dist\module\AuthClient.js","2/7/2026 6:23:46 PM"
"C:\Users\user\Documents\Learning Hub\client\node_modules\@supabase\auth-js\dist\module\AuthClient.js.map","2/7/2026 6:23:46 PM"
"C:\Users\user\Documents\Learning Hub\client\node_modules\@supabase\auth-js\dist\module\GoTrueAdminApi.d.ts","2/7/2026 6:23:46 PM"
"C:\Users\user\Documents\Learning Hub\client\node_modules\@supabase\auth-js\dist\module\GoTrueAdminApi.d.ts.map","2/7/2026 6:23:46 PM"
"C:\Users\user\Documents\Learning Hub\client\node_modules\@supabase\auth-js\dist\module\GoTrueAdminApi.js","2/7/2026 6:23:46 PM"
"C:\Users\user\Documents\Learning Hub\client\node_modules\@supabase\auth-js\dist\module\GoTrueAdminApi.js.map","2/7/2026 6:23:46 PM"
"C:\Users\user\Documents\Learning Hub\client\node_modules\@supabase\auth-js\dist\module\GoTrueClient.d.ts","2/7/2026 6:23:46 PM"
"C:\Users\user\Documents\Learning Hub\client\node_modules\@supabase\auth-js\dist\module\GoTrueClient.d.ts.map","2/7/2026 6:23:46 PM"
"C:\Users\user\Documents\Learning Hub\client\node_modules\@supabase\auth-js\dist\module\GoTrueClient.js","2/7/2026 6:23:46 PM"
"C:\Users\user\Documents\Learning Hub\client\node_modules\@supabase\auth-js\dist\module\GoTrueClient.js.map","2/7/2026 6:23:46 PM"
"C:\Users\user\Documents\Learning Hub\client\node_modules\@supabase\auth-js\dist\module\index.d.ts","2/7/2026 6:23:46 PM"
"C:\Users\user\Documents\Learning Hub\client\node_modules\@supabase\auth-js\dist\module\index.d.ts.map","2/7/2026 6:23:46 PM"
"C:\Users\user\Documents\Learning Hub\client\node_modules\@supabase\auth-js\dist\module\index.js","2/7/2026 6:23:46 PM"
"C:\Users\user\Documents\Learning Hub\client\node_modules\@supabase\auth-js\dist\module\index.js.map","2/7/2026 6:23:46 PM"
"C:\Users\user\Documents\Learning Hub\client\node_modules\@supabase\auth-js\dist\module\lib\web3","2/7/2026 6:23:46 PM"
"C:\Users\user\Documents\Learning Hub\client\node_modules\@supabase\auth-js\dist\module\lib\base64url.d.ts","2/7/2026 6:23:46 PM"
"C:\Users\user\Documents\Learning Hub\client\node_modules\@supabase\auth-js\dist\module\lib\base64url.d.ts.map","2/7/2026 6:23:46 PM"
"C:\Users\user\Documents\Learning Hub\client\node_modules\@supabase\auth-js\dist\module\lib\base64url.js","2/7/2026 6:23:46 PM"
"C:\Users\user\Documents\Learning Hub\client\node_modules\@supabase\auth-js\dist\module\lib\base64url.js.map","2/7/2026 6:23:46 PM"
"C:\Users\user\Documents\Learning Hub\client\node_modules\@supabase\auth-js\dist\module\lib\constants.d.ts","2/7/2026 6:23:46 PM"
"C:\Users\user\Documents\Learning Hub\client\node_modules\@supabase\auth-js\dist\module\lib\constants.d.ts.map","2/7/2026 6:23:46 PM"
"C:\Users\user\Documents\Learning Hub\client\node_modules\@supabase\auth-js\dist\module\lib\constants.js","2/7/2026 6:23:46 PM"
"C:\Users\user\Documents\Learning Hub\client\node_modules\@supabase\auth-js\dist\module\lib\constants.js.map","2/7/2026 6:23:46 PM"
"C:\Users\user\Documents\Learning Hub\client\node_modules\@supabase\auth-js\dist\module\lib\error-codes.d.ts","2/7/2026 6:23:46 PM"
"C:\Users\user\Documents\Learning Hub\client\node_modules\@supabase\auth-js\dist\module\lib\error-codes.d.ts.map","2/7/2026 6:23:46 PM"
"C:\Users\user\Documents\Learning Hub\client\node_modules\@supabase\auth-js\dist\module\lib\error-codes.js","2/7/2026 6:23:46 PM"
"C:\Users\user\Documents\Learning Hub\client\node_modules\@supabase\auth-js\dist\module\lib\error-codes.js.map","2/7/2026 6:23:46 PM"
"C:\Users\user\Documents\Learning Hub\client\node_modules\@supabase\auth-js\dist\module\lib\errors.d.ts","2/7/2026 6:23:46 PM"
"C:\Users\user\Documents\Learning Hub\client\node_modules\@supabase\auth-js\dist\module\lib\errors.d.ts.map","2/7/2026 6:23:46 PM"
"C:\Users\user\Documents\Learning Hub\client\node_modules\@supabase\auth-js\dist\module\lib\errors.js","2/7/2026 6:23:46 PM"
"C:\Users\user\Documents\Learning Hub\client\node_modules\@supabase\auth-js\dist\module\lib\errors.js.map","2/7/2026 6:23:46 PM"
"C:\Users\user\Documents\Learning Hub\client\node_modules\@supabase\auth-js\dist\module\lib\fetch.d.ts","2/7/2026 6:23:46 PM"
"C:\Users\user\Documents\Learning Hub\client\node_modules\@supabase\auth-js\dist\module\lib\fetch.d.ts.map","2/7/2026 6:23:46 PM"
"C:\Users\user\Documents\Learning Hub\client\node_modules\@supabase\auth-js\dist\module\lib\fetch.js","2/7/2026 6:23:46 PM"
"C:\Users\user\Documents\Learning Hub\client\node_modules\@supabase\auth-js\dist\module\lib\fetch.js.map","2/7/2026 6:23:46 PM"
"C:\Users\user\Documents\Learning Hub\client\node_modules\@supabase\auth-js\dist\module\lib\helpers.d.ts","2/7/2026 6:23:46 PM"
"C:\Users\user\Documents\Learning Hub\client\node_modules\@supabase\auth-js\dist\module\lib\helpers.d.ts.map","2/7/2026 6:23:46 PM"
"C:\Users\user\Documents\Learning Hub\client\node_modules\@supabase\auth-js\dist\module\lib\helpers.js","2/7/2026 6:23:46 PM"
"C:\Users\user\Documents\Learning Hub\client\node_modules\@supabase\auth-js\dist\module\lib\helpers.js.map","2/7/2026 6:23:46 PM"
"C:\Users\user\Documents\Learning Hub\client\node_modules\@supabase\auth-js\dist\module\lib\local-storage.d.ts","2/7/2026 6:23:46 PM"
"C:\Users\user\Documents\Learning Hub\client\node_modules\@supabase\auth-js\dist\module\lib\local-storage.d.ts.map","2/7/2026 6:23:46 PM"
"C:\Users\user\Documents\Learning Hub\client\node_modules\@supabase\auth-js\dist\module\lib\local-storage.js","2/7/2026 6:23:46 PM"
"C:\Users\user\Documents\Learning Hub\client\node_modules\@supabase\auth-js\dist\module\lib\local-storage.js.map","2/7/2026 6:23:46 PM"
"C:\Users\user\Documents\Learning Hub\client\node_modules\@supabase\auth-js\dist\module\lib\locks.d.ts","2/7/2026 6:23:46 PM"
"C:\Users\user\Documents\Learning Hub\client\node_modules\@supabase\auth-js\dist\module\lib\locks.d.ts.map","2/7/2026 6:23:46 PM"
"C:\Users\user\Documents\Learning Hub\client\node_modules\@supabase\auth-js\dist\module\lib\locks.js","2/7/2026 6:23:46 PM"
"C:\Users\user\Documents\Learning Hub\client\node_modules\@supabase\auth-js\dist\module\lib\locks.js.map","2/7/2026 6:23:46 PM"
"C:\Users\user\Documents\Learning Hub\client\node_modules\@supabase\auth-js\dist\module\lib\polyfills.d.ts","2/7/2026 6:23:46 PM"
"C:\Users\user\Documents\Learning Hub\client\node_modules\@supabase\auth-js\dist\module\lib\polyfills.d.ts.map","2/7/2026 6:23:46 PM"
"C:\Users\user\Documents\Learning Hub\client\node_modules\@supabase\auth-js\dist\module\lib\polyfills.js","2/7/2026 6:23:46 PM"
"C:\Users\user\Documents\Learning Hub\client\node_modules\@supabase\auth-js\dist\module\lib\polyfills.js.map","2/7/2026 6:23:46 PM"
"C:\Users\user\Documents\Learning Hub\client\node_modules\@supabase\auth-js\dist\module\lib\types.d.ts","2/7/2026 6:23:46 PM"
"C:\Users\user\Documents\Learning Hub\client\node_modules\@supabase\auth-js\dist\module\lib\types.d.ts.map","2/7/2026 6:23:46 PM"
"C:\Users\user\Documents\Learning Hub\client\node_modules\@supabase\auth-js\dist\module\lib\types.js","2/7/2026 6:23:46 PM"
"C:\Users\user\Documents\Learning Hub\client\node_modules\@supabase\auth-js\dist\module\lib\types.js.map","2/7/2026 6:23:46 PM"
"C:\Users\user\Documents\Learning Hub\client\node_modules\@supabase\auth-js\dist\module\lib\version.d.ts","2/7/2026 6:23:46 PM"
"C:\Users\user\Documents\Learning Hub\client\node_modules\@supabase\auth-js\dist\module\lib\version.d.ts.map","2/7/2026 6:23:46 PM"
"C:\Users\user\Documents\Learning Hub\client\node_modules\@supabase\auth-js\dist\module\lib\version.js","2/7/2026 6:23:46 PM"
"C:\Users\user\Documents\Learning Hub\client\node_modules\@supabase\auth-js\dist\module\lib\version.js.map","2/7/2026 6:23:46 PM"
"C:\Users\user\Documents\Learning Hub\client\node_modules\@supabase\auth-js\dist\module\lib\webauthn.d.ts","2/7/2026 6:23:46 PM"
"C:\Users\user\Documents\Learning Hub\client\node_modules\@supabase\auth-js\dist\module\lib\webauthn.d.ts.map","2/7/2026 6:23:46 PM"
"C:\Users\user\Documents\Learning Hub\client\node_modules\@supabase\auth-js\dist\module\lib\webauthn.dom.d.ts","2/7/2026 6:23:46 PM"
"C:\Users\user\Documents\Learning Hub\client\node_modules\@supabase\auth-js\dist\module\lib\webauthn.dom.d.ts.map","2/7/2026 6:23:46 PM"
"C:\Users\user\Documents\Learning Hub\client\node_modules\@supabase\auth-js\dist\module\lib\webauthn.dom.js","2/7/2026 6:23:46 PM"
"C:\Users\user\Documents\Learning Hub\client\node_modules\@supabase\auth-js\dist\module\lib\webauthn.dom.js.map","2/7/2026 6:23:46 PM"
"C:\Users\user\Documents\Learning Hub\client\node_modules\@supabase\auth-js\dist\module\lib\webauthn.errors.d.ts","2/7/2026 6:23:46 PM"
"C:\Users\user\Documents\Learning Hub\client\node_modules\@supabase\auth-js\dist\module\lib\webauthn.errors.d.ts.map","2/7/2026 6:23:46 PM"
"C:\Users\user\Documents\Learning Hub\client\node_modules\@supabase\auth-js\dist\module\lib\webauthn.errors.js","2/7/2026 6:23:46 PM"
"C:\Users\user\Documents\Learning Hub\client\node_modules\@supabase\auth-js\dist\module\lib\webauthn.errors.js.map","2/7/2026 6:23:46 PM"
"C:\Users\user\Documents\Learning Hub\client\node_modules\@supabase\auth-js\dist\module\lib\webauthn.js","2/7/2026 6:23:46 PM"
"C:\Users\user\Documents\Learning Hub\client\node_modules\@supabase\auth-js\dist\module\lib\webauthn.js.map","2/7/2026 6:23:46 PM"
"C:\Users\user\Documents\Learning Hub\client\node_modules\@supabase\auth-js\dist\module\lib\web3\ethereum.d.ts","2/7/2026 6:23:46 PM"
"C:\Users\user\Documents\Learning Hub\client\node_modules\@supabase\auth-js\dist\module\lib\web3\ethereum.d.ts.map","2/7/2026 6:23:46 PM"
"C:\Users\user\Documents\Learning Hub\client\node_modules\@supabase\auth-js\dist\module\lib\web3\ethereum.js","2/7/2026 6:23:46 PM"
"C:\Users\user\Documents\Learning Hub\client\node_modules\@supabase\auth-js\dist\module\lib\web3\ethereum.js.map","2/7/2026 6:23:46 PM"
"C:\Users\user\Documents\Learning Hub\client\node_modules\@supabase\auth-js\dist\module\lib\web3\solana.d.ts","2/7/2026 6:23:46 PM"
"C:\Users\user\Documents\Learning Hub\client\node_modules\@supabase\auth-js\dist\module\lib\web3\solana.d.ts.map","2/7/2026 6:23:46 PM"
"C:\Users\user\Documents\Learning Hub\client\node_modules\@supabase\auth-js\dist\module\lib\web3\solana.js","2/7/2026 6:23:46 PM"
"C:\Users\user\Documents\Learning Hub\client\node_modules\@supabase\auth-js\dist\module\lib\web3\solana.js.map","2/7/2026 6:23:46 PM"
"C:\Users\user\Documents\Learning Hub\client\node_modules\@supabase\auth-js\src\lib","2/7/2026 6:23:46 PM"
"C:\Users\user\Documents\Learning Hub\client\node_modules\@supabase\auth-js\src\AuthAdminApi.ts","2/7/2026 6:23:46 PM"
"C:\Users\user\Documents\Learning Hub\client\node_modules\@supabase\auth-js\src\AuthClient.ts","2/7/2026 6:23:46 PM"
"C:\Users\user\Documents\Learning Hub\client\node_modules\@supabase\auth-js\src\GoTrueAdminApi.ts","2/7/2026 6:23:46 PM"
"C:\Users\user\Documents\Learning Hub\client\node_modules\@supabase\auth-js\src\GoTrueClient.ts","2/7/2026 6:23:46 PM"
"C:\Users\user\Documents\Learning Hub\client\node_modules\@supabase\auth-js\src\index.ts","2/7/2026 6:23:46 PM"
"C:\Users\user\Documents\Learning Hub\client\node_modules\@supabase\auth-js\src\lib\web3","2/7/2026 6:23:46 PM"
"C:\Users\user\Documents\Learning Hub\client\node_modules\@supabase\auth-js\src\lib\base64url.ts","2/7/2026 6:23:46 PM"
"C:\Users\user\Documents\Learning Hub\client\node_modules\@supabase\auth-js\src\lib\constants.ts","2/7/2026 6:23:46 PM"
"C:\Users\user\Documents\Learning Hub\client\node_modules\@supabase\auth-js\src\lib\error-codes.ts","2/7/2026 6:23:46 PM"
"C:\Users\user\Documents\Learning Hub\client\node_modules\@supabase\auth-js\src\lib\errors.ts","2/7/2026 6:23:46 PM"
"C:\Users\user\Documents\Learning Hub\client\node_modules\@supabase\auth-js\src\lib\fetch.ts","2/7/2026 6:23:46 PM"
"C:\Users\user\Documents\Learning Hub\client\node_modules\@supabase\auth-js\src\lib\helpers.ts","2/7/2026 6:23:46 PM"
"C:\Users\user\Documents\Learning Hub\client\node_modules\@supabase\auth-js\src\lib\local-storage.ts","2/7/2026 6:23:46 PM"
"C:\Users\user\Documents\Learning Hub\client\node_modules\@supabase\auth-js\src\lib\locks.ts","2/7/2026 6:23:46 PM"
"C:\Users\user\Documents\Learning Hub\client\node_modules\@supabase\auth-js\src\lib\polyfills.ts","2/7/2026 6:23:46 PM"
"C:\Users\user\Documents\Learning Hub\client\node_modules\@supabase\auth-js\src\lib\types.ts","2/7/2026 6:23:46 PM"
"C:\Users\user\Documents\Learning Hub\client\node_modules\@supabase\auth-js\src\lib\version.ts","2/7/2026 6:23:46 PM"
"C:\Users\user\Documents\Learning Hub\client\node_modules\@supabase\auth-js\src\lib\webauthn.dom.ts","2/7/2026 6:23:46 PM"
"C:\Users\user\Documents\Learning Hub\client\node_modules\@supabase\auth-js\src\lib\webauthn.errors.ts","2/7/2026 6:23:46 PM"
"C:\Users\user\Documents\Learning Hub\client\node_modules\@supabase\auth-js\src\lib\webauthn.ts","2/7/2026 6:23:46 PM"
"C:\Users\user\Documents\Learning Hub\client\node_modules\@supabase\auth-js\src\lib\web3\ethereum.ts","2/7/2026 6:23:46 PM"
"C:\Users\user\Documents\Learning Hub\client\node_modules\@supabase\auth-js\src\lib\web3\solana.ts","2/7/2026 6:23:46 PM"
"C:\Users\user\Documents\Learning Hub\client\node_modules\@supabase\functions-js\dist","2/7/2026 6:23:46 PM"
"C:\Users\user\Documents\Learning Hub\client\node_modules\@supabase\functions-js\src","2/7/2026 6:23:46 PM"
"C:\Users\user\Documents\Learning Hub\client\node_modules\@supabase\functions-js\package.json","2/7/2026 6:23:46 PM"
"C:\Users\user\Documents\Learning Hub\client\node_modules\@supabase\functions-js\README.md","2/7/2026 6:23:46 PM"
"C:\Users\user\Documents\Learning Hub\client\node_modules\@supabase\functions-js\dist\main","2/7/2026 6:23:46 PM"
"C:\Users\user\Documents\Learning Hub\client\node_modules\@supabase\functions-js\dist\module","2/7/2026 6:23:46 PM"
"C:\Users\user\Documents\Learning Hub\client\node_modules\@supabase\functions-js\dist\tsconfig.module.tsbuildinfo","2/7/2026 6:23:46 PM"
"C:\Users\user\Documents\Learning Hub\client\node_modules\@supabase\functions-js\dist\tsconfig.tsbuildinfo","2/7/2026 6:23:46 PM"
"C:\Users\user\Documents\Learning Hub\client\node_modules\@supabase\functions-js\dist\main\FunctionsClient.d.ts","2/7/2026 6:23:46 PM"
"C:\Users\user\Documents\Learning Hub\client\node_modules\@supabase\functions-js\dist\main\FunctionsClient.d.ts.map","2/7/2026 6:23:46 PM"
"C:\Users\user\Documents\Learning Hub\client\node_modules\@supabase\functions-js\dist\main\FunctionsClient.js","2/7/2026 6:23:46 PM"
"C:\Users\user\Documents\Learning Hub\client\node_modules\@supabase\functions-js\dist\main\FunctionsClient.js.map","2/7/2026 6:23:46 PM"
"C:\Users\user\Documents\Learning Hub\client\node_modules\@supabase\functions-js\dist\main\helper.d.ts","2/7/2026 6:23:46 PM"
"C:\Users\user\Documents\Learning Hub\client\node_modules\@supabase\functions-js\dist\main\helper.d.ts.map","2/7/2026 6:23:46 PM"
"C:\Users\user\Documents\Learning Hub\client\node_modules\@supabase\functions-js\dist\main\helper.js","2/7/2026 6:23:46 PM"
"C:\Users\user\Documents\Learning Hub\client\node_modules\@supabase\functions-js\dist\main\helper.js.map","2/7/2026 6:23:46 PM"
"C:\Users\user\Documents\Learning Hub\client\node_modules\@supabase\functions-js\dist\main\index.d.ts","2/7/2026 6:23:46 PM"
"C:\Users\user\Documents\Learning Hub\client\node_modules\@supabase\functions-js\dist\main\index.d.ts.map","2/7/2026 6:23:46 PM"
"C:\Users\user\Documents\Learning Hub\client\node_modules\@supabase\functions-js\dist\main\index.js","2/7/2026 6:23:46 PM"
"C:\Users\user\Documents\Learning Hub\client\node_modules\@supabase\functions-js\dist\main\index.js.map","2/7/2026 6:23:46 PM"
"C:\Users\user\Documents\Learning Hub\client\node_modules\@supabase\functions-js\dist\main\types.d.ts","2/7/2026 6:23:46 PM"
"C:\Users\user\Documents\Learning Hub\client\node_modules\@supabase\functions-js\dist\main\types.d.ts.map","2/7/2026 6:23:46 PM"
"C:\Users\user\Documents\Learning Hub\client\node_modules\@supabase\functions-js\dist\main\types.js","2/7/2026 6:23:46 PM"
"C:\Users\user\Documents\Learning Hub\client\node_modules\@supabase\functions-js\dist\main\types.js.map","2/7/2026 6:23:46 PM"
"C:\Users\user\Documents\Learning Hub\client\node_modules\@supabase\functions-js\dist\main\version.d.ts","2/7/2026 6:23:46 PM"
"C:\Users\user\Documents\Learning Hub\client\node_modules\@supabase\functions-js\dist\main\version.d.ts.map","2/7/2026 6:23:46 PM"
"C:\Users\user\Documents\Learning Hub\client\node_modules\@supabase\functions-js\dist\main\version.js","2/7/2026 6:23:46 PM"
"C:\Users\user\Documents\Learning Hub\client\node_modules\@supabase\functions-js\dist\main\version.js.map","2/7/2026 6:23:46 PM"
"C:\Users\user\Documents\Learning Hub\client\node_modules\@supabase\functions-js\dist\module\FunctionsClient.d.ts","2/7/2026 6:23:46 PM"
"C:\Users\user\Documents\Learning Hub\client\node_modules\@supabase\functions-js\dist\module\FunctionsClient.d.ts.map","2/7/2026 6:23:46 PM"
"C:\Users\user\Documents\Learning Hub\client\node_modules\@supabase\functions-js\dist\module\FunctionsClient.js","2/7/2026 6:23:46 PM"
"C:\Users\user\Documents\Learning Hub\client\node_modules\@supabase\functions-js\dist\module\FunctionsClient.js.map","2/7/2026 6:23:46 PM"
"C:\Users\user\Documents\Learning Hub\client\node_modules\@supabase\functions-js\dist\module\helper.d.ts","2/7/2026 6:23:46 PM"
"C:\Users\user\Documents\Learning Hub\client\node_modules\@supabase\functions-js\dist\module\helper.d.ts.map","2/7/2026 6:23:46 PM"
"C:\Users\user\Documents\Learning Hub\client\node_modules\@supabase\functions-js\dist\module\helper.js","2/7/2026 6:23:46 PM"
"C:\Users\user\Documents\Learning Hub\client\node_modules\@supabase\functions-js\dist\module\helper.js.map","2/7/2026 6:23:46 PM"
"C:\Users\user\Documents\Learning Hub\client\node_modules\@supabase\functions-js\dist\module\index.d.ts","2/7/2026 6:23:46 PM"
"C:\Users\user\Documents\Learning Hub\client\node_modules\@supabase\functions-js\dist\module\index.d.ts.map","2/7/2026 6:23:46 PM"
"C:\Users\user\Documents\Learning Hub\client\node_modules\@supabase\functions-js\dist\module\index.js","2/7/2026 6:23:46 PM"
"C:\Users\user\Documents\Learning Hub\client\node_modules\@supabase\functions-js\dist\module\index.js.map","2/7/2026 6:23:46 PM"
"C:\Users\user\Documents\Learning Hub\client\node_modules\@supabase\functions-js\dist\module\types.d.ts","2/7/2026 6:23:46 PM"
"C:\Users\user\Documents\Learning Hub\client\node_modules\@supabase\functions-js\dist\module\types.d.ts.map","2/7/2026 6:23:46 PM"
"C:\Users\user\Documents\Learning Hub\client\node_modules\@supabase\functions-js\dist\module\types.js","2/7/2026 6:23:46 PM"
"C:\Users\user\Documents\Learning Hub\client\node_modules\@supabase\functions-js\dist\module\types.js.map","2/7/2026 6:23:46 PM"
"C:\Users\user\Documents\Learning Hub\client\node_modules\@supabase\functions-js\dist\module\version.d.ts","2/7/2026 6:23:46 PM"
"C:\Users\user\Documents\Learning Hub\client\node_modules\@supabase\functions-js\dist\module\version.d.ts.map","2/7/2026 6:23:46 PM"
"C:\Users\user\Documents\Learning Hub\client\node_modules\@supabase\functions-js\dist\module\version.js","2/7/2026 6:23:46 PM"
"C:\Users\user\Documents\Learning Hub\client\node_modules\@supabase\functions-js\dist\module\version.js.map","2/7/2026 6:23:46 PM"
"C:\Users\user\Documents\Learning Hub\client\node_modules\@supabase\functions-js\src\edge-runtime.d.ts","2/7/2026 6:23:46 PM"
"C:\Users\user\Documents\Learning Hub\client\node_modules\@supabase\functions-js\src\FunctionsClient.ts","2/7/2026 6:23:46 PM"
"C:\Users\user\Documents\Learning Hub\client\node_modules\@supabase\functions-js\src\helper.ts","2/7/2026 6:23:46 PM"
"C:\Users\user\Documents\Learning Hub\client\node_modules\@supabase\functions-js\src\index.ts","2/7/2026 6:23:46 PM"
"C:\Users\user\Documents\Learning Hub\client\node_modules\@supabase\functions-js\src\types.ts","2/7/2026 6:23:46 PM"
"C:\Users\user\Documents\Learning Hub\client\node_modules\@supabase\functions-js\src\version.ts","2/7/2026 6:23:46 PM"
"C:\Users\user\Documents\Learning Hub\client\node_modules\@supabase\postgrest-js\dist","2/7/2026 6:23:46 PM"
"C:\Users\user\Documents\Learning Hub\client\node_modules\@supabase\postgrest-js\src","2/7/2026 6:23:46 PM"
"C:\Users\user\Documents\Learning Hub\client\node_modules\@supabase\postgrest-js\package.json","2/7/2026 6:23:46 PM"
"C:\Users\user\Documents\Learning Hub\client\node_modules\@supabase\postgrest-js\README.md","2/7/2026 6:23:46 PM"
"C:\Users\user\Documents\Learning Hub\client\node_modules\@supabase\postgrest-js\dist\index.cjs","2/7/2026 6:23:46 PM"
"C:\Users\user\Documents\Learning Hub\client\node_modules\@supabase\postgrest-js\dist\index.cjs.map","2/7/2026 6:23:46 PM"
"C:\Users\user\Documents\Learning Hub\client\node_modules\@supabase\postgrest-js\dist\index.d.cts","2/7/2026 6:23:46 PM"
"C:\Users\user\Documents\Learning Hub\client\node_modules\@supabase\postgrest-js\dist\index.d.cts.map","2/7/2026 6:23:46 PM"
"C:\Users\user\Documents\Learning Hub\client\node_modules\@supabase\postgrest-js\dist\index.d.mts","2/7/2026 6:23:46 PM"
"C:\Users\user\Documents\Learning Hub\client\node_modules\@supabase\postgrest-js\dist\index.d.mts.map","2/7/2026 6:23:46 PM"
"C:\Users\user\Documents\Learning Hub\client\node_modules\@supabase\postgrest-js\dist\index.mjs","2/7/2026 6:23:46 PM"
"C:\Users\user\Documents\Learning Hub\client\node_modules\@supabase\postgrest-js\dist\index.mjs.map","2/7/2026 6:23:46 PM"
"C:\Users\user\Documents\Learning Hub\client\node_modules\@supabase\postgrest-js\src\select-query-parser","2/7/2026 6:23:46 PM"
"C:\Users\user\Documents\Learning Hub\client\node_modules\@supabase\postgrest-js\src\types","2/7/2026 6:23:46 PM"
"C:\Users\user\Documents\Learning Hub\client\node_modules\@supabase\postgrest-js\src\constants.ts","2/7/2026 6:23:46 PM"
"C:\Users\user\Documents\Learning Hub\client\node_modules\@supabase\postgrest-js\src\index.ts","2/7/2026 6:23:46 PM"
"C:\Users\user\Documents\Learning Hub\client\node_modules\@supabase\postgrest-js\src\PostgrestBuilder.ts","2/7/2026 6:23:46 PM"
"C:\Users\user\Documents\Learning Hub\client\node_modules\@supabase\postgrest-js\src\PostgrestClient.ts","2/7/2026 6:23:46 PM"
"C:\Users\user\Documents\Learning Hub\client\node_modules\@supabase\postgrest-js\src\PostgrestError.ts","2/7/2026 6:23:46 PM"
"C:\Users\user\Documents\Learning Hub\client\node_modules\@supabase\postgrest-js\src\PostgrestFilterBuilder.ts","2/7/2026 6:23:46 PM"
"C:\Users\user\Documents\Learning Hub\client\node_modules\@supabase\postgrest-js\src\PostgrestQueryBuilder.ts","2/7/2026 6:23:46 PM"
"C:\Users\user\Documents\Learning Hub\client\node_modules\@supabase\postgrest-js\src\PostgrestTransformBuilder.ts","2/7/2026 6:23:46 PM"
"C:\Users\user\Documents\Learning Hub\client\node_modules\@supabase\postgrest-js\src\version.ts","2/7/2026 6:23:46 PM"
"C:\Users\user\Documents\Learning Hub\client\node_modules\@supabase\postgrest-js\src\select-query-parser\parser.ts","2/7/2026 6:23:46 PM"
"C:\Users\user\Documents\Learning Hub\client\node_modules\@supabase\postgrest-js\src\select-query-parser\result.ts","2/7/2026 6:23:46 PM"
"C:\Users\user\Documents\Learning Hub\client\node_modules\@supabase\postgrest-js\src\select-query-parser\types.ts","2/7/2026 6:23:46 PM"
"C:\Users\user\Documents\Learning Hub\client\node_modules\@supabase\postgrest-js\src\select-query-parser\utils.ts","2/7/2026 6:23:46 PM"
"C:\Users\user\Documents\Learning Hub\client\node_modules\@supabase\postgrest-js\src\types\common","2/7/2026 6:23:46 PM"
"C:\Users\user\Documents\Learning Hub\client\node_modules\@supabase\postgrest-js\src\types\feature-flags.ts","2/7/2026 6:23:46 PM"
"C:\Users\user\Documents\Learning Hub\client\node_modules\@supabase\postgrest-js\src\types\types.ts","2/7/2026 6:23:46 PM"
"C:\Users\user\Documents\Learning Hub\client\node_modules\@supabase\postgrest-js\src\types\common\common.ts","2/7/2026 6:23:46 PM"
"C:\Users\user\Documents\Learning Hub\client\node_modules\@supabase\postgrest-js\src\types\common\rpc.ts","2/7/2026 6:23:46 PM"
"C:\Users\user\Documents\Learning Hub\client\node_modules\@supabase\realtime-js\dist","2/7/2026 6:23:46 PM"
"C:\Users\user\Documents\Learning Hub\client\node_modules\@supabase\realtime-js\src","2/7/2026 6:23:46 PM"
"C:\Users\user\Documents\Learning Hub\client\node_modules\@supabase\realtime-js\package.json","2/7/2026 6:23:46 PM"
"C:\Users\user\Documents\Learning Hub\client\node_modules\@supabase\realtime-js\README.md","2/7/2026 6:23:46 PM"
"C:\Users\user\Documents\Learning Hub\client\node_modules\@supabase\realtime-js\dist\main","2/7/2026 6:23:46 PM"
"C:\Users\user\Documents\Learning Hub\client\node_modules\@supabase\realtime-js\dist\module","2/7/2026 6:23:46 PM"
"C:\Users\user\Documents\Learning Hub\client\node_modules\@supabase\realtime-js\dist\tsconfig.module.tsbuildinfo","2/7/2026 6:23:46 PM"
"C:\Users\user\Documents\Learning Hub\client\node_modules\@supabase\realtime-js\dist\tsconfig.tsbuildinfo","2/7/2026 6:23:46 PM"
"C:\Users\user\Documents\Learning Hub\client\node_modules\@supabase\realtime-js\dist\main\lib","2/7/2026 6:23:46 PM"
"C:\Users\user\Documents\Learning Hub\client\node_modules\@supabase\realtime-js\dist\main\index.d.ts","2/7/2026 6:23:46 PM"
"C:\Users\user\Documents\Learning Hub\client\node_modules\@supabase\realtime-js\dist\main\index.d.ts.map","2/7/2026 6:23:46 PM"
"C:\Users\user\Documents\Learning Hub\client\node_modules\@supabase\realtime-js\dist\main\index.js","2/7/2026 6:23:46 PM"
"C:\Users\user\Documents\Learning Hub\client\node_modules\@supabase\realtime-js\dist\main\index.js.map","2/7/2026 6:23:46 PM"
"C:\Users\user\Documents\Learning Hub\client\node_modules\@supabase\realtime-js\dist\main\RealtimeChannel.d.ts","2/7/2026 6:23:46 PM"
"C:\Users\user\Documents\Learning Hub\client\node_modules\@supabase\realtime-js\dist\main\RealtimeChannel.d.ts.map","2/7/2026 6:23:46 PM"
"C:\Users\user\Documents\Learning Hub\client\node_modules\@supabase\realtime-js\dist\main\RealtimeChannel.js","2/7/2026 6:23:46 PM"
"C:\Users\user\Documents\Learning Hub\client\node_modules\@supabase\realtime-js\dist\main\RealtimeChannel.js.map","2/7/2026 6:23:46 PM"
"C:\Users\user\Documents\Learning Hub\client\node_modules\@supabase\realtime-js\dist\main\RealtimeClient.d.ts","2/7/2026 6:23:46 PM"
"C:\Users\user\Documents\Learning Hub\client\node_modules\@supabase\realtime-js\dist\main\RealtimeClient.d.ts.map","2/7/2026 6:23:46 PM"
"C:\Users\user\Documents\Learning Hub\client\node_modules\@supabase\realtime-js\dist\main\RealtimeClient.js","2/7/2026 6:23:46 PM"
"C:\Users\user\Documents\Learning Hub\client\node_modules\@supabase\realtime-js\dist\main\RealtimeClient.js.map","2/7/2026 6:23:46 PM"
"C:\Users\user\Documents\Learning Hub\client\node_modules\@supabase\realtime-js\dist\main\RealtimePresence.d.ts","2/7/2026 6:23:46 PM"
"C:\Users\user\Documents\Learning Hub\client\node_modules\@supabase\realtime-js\dist\main\RealtimePresence.d.ts.map","2/7/2026 6:23:46 PM"
"C:\Users\user\Documents\Learning Hub\client\node_modules\@supabase\realtime-js\dist\main\RealtimePresence.js","2/7/2026 6:23:46 PM"
"C:\Users\user\Documents\Learning Hub\client\node_modules\@supabase\realtime-js\dist\main\RealtimePresence.js.map","2/7/2026 6:23:46 PM"
"C:\Users\user\Documents\Learning Hub\client\node_modules\@supabase\realtime-js\dist\main\lib\constants.d.ts","2/7/2026 6:23:46 PM"
"C:\Users\user\Documents\Learning Hub\client\node_modules\@supabase\realtime-js\dist\main\lib\constants.d.ts.map","2/7/2026 6:23:46 PM"
"C:\Users\user\Documents\Learning Hub\client\node_modules\@supabase\realtime-js\dist\main\lib\constants.js","2/7/2026 6:23:46 PM"
"C:\Users\user\Documents\Learning Hub\client\node_modules\@supabase\realtime-js\dist\main\lib\constants.js.map","2/7/2026 6:23:46 PM"
"C:\Users\user\Documents\Learning Hub\client\node_modules\@supabase\realtime-js\dist\main\lib\push.d.ts","2/7/2026 6:23:46 PM"
"C:\Users\user\Documents\Learning Hub\client\node_modules\@supabase\realtime-js\dist\main\lib\push.d.ts.map","2/7/2026 6:23:46 PM"
"C:\Users\user\Documents\Learning Hub\client\node_modules\@supabase\realtime-js\dist\main\lib\push.js","2/7/2026 6:23:46 PM"
"C:\Users\user\Documents\Learning Hub\client\node_modules\@supabase\realtime-js\dist\main\lib\push.js.map","2/7/2026 6:23:46 PM"
"C:\Users\user\Documents\Learning Hub\client\node_modules\@supabase\realtime-js\dist\main\lib\serializer.d.ts","2/7/2026 6:23:46 PM"
"C:\Users\user\Documents\Learning Hub\client\node_modules\@supabase\realtime-js\dist\main\lib\serializer.d.ts.map","2/7/2026 6:23:46 PM"
"C:\Users\user\Documents\Learning Hub\client\node_modules\@supabase\realtime-js\dist\main\lib\serializer.js","2/7/2026 6:23:46 PM"
"C:\Users\user\Documents\Learning Hub\client\node_modules\@supabase\realtime-js\dist\main\lib\serializer.js.map","2/7/2026 6:23:46 PM"
"C:\Users\user\Documents\Learning Hub\client\node_modules\@supabase\realtime-js\dist\main\lib\timer.d.ts","2/7/2026 6:23:46 PM"
"C:\Users\user\Documents\Learning Hub\client\node_modules\@supabase\realtime-js\dist\main\lib\timer.d.ts.map","2/7/2026 6:23:46 PM"
"C:\Users\user\Documents\Learning Hub\client\node_modules\@supabase\realtime-js\dist\main\lib\timer.js","2/7/2026 6:23:46 PM"
"C:\Users\user\Documents\Learning Hub\client\node_modules\@supabase\realtime-js\dist\main\lib\timer.js.map","2/7/2026 6:23:46 PM"
"C:\Users\user\Documents\Learning Hub\client\node_modules\@supabase\realtime-js\dist\main\lib\transformers.d.ts","2/7/2026 6:23:46 PM"
"C:\Users\user\Documents\Learning Hub\client\node_modules\@supabase\realtime-js\dist\main\lib\transformers.d.ts.map","2/7/2026 6:23:46 PM"
"C:\Users\user\Documents\Learning Hub\client\node_modules\@supabase\realtime-js\dist\main\lib\transformers.js","2/7/2026 6:23:46 PM"
"C:\Users\user\Documents\Learning Hub\client\node_modules\@supabase\realtime-js\dist\main\lib\transformers.js.map","2/7/2026 6:23:46 PM"
"C:\Users\user\Documents\Learning Hub\client\node_modules\@supabase\realtime-js\dist\main\lib\version.d.ts","2/7/2026 6:23:46 PM"
"C:\Users\user\Documents\Learning Hub\client\node_modules\@supabase\realtime-js\dist\main\lib\version.d.ts.map","2/7/2026 6:23:46 PM"
"C:\Users\user\Documents\Learning Hub\client\node_modules\@supabase\realtime-js\dist\main\lib\version.js","2/7/2026 6:23:46 PM"
"C:\Users\user\Documents\Learning Hub\client\node_modules\@supabase\realtime-js\dist\main\lib\version.js.map","2/7/2026 6:23:46 PM"
"C:\Users\user\Documents\Learning Hub\client\node_modules\@supabase\realtime-js\dist\main\lib\websocket-factory.d.ts","2/7/2026 6:23:46 PM"
"C:\Users\user\Documents\Learning Hub\client\node_modules\@supabase\realtime-js\dist\main\lib\websocket-factory.d.ts.map","2/7/2026 6:23:46 PM"
"C:\Users\user\Documents\Learning Hub\client\node_modules\@supabase\realtime-js\dist\main\lib\websocket-factory.js","2/7/2026 6:23:46 PM"
"C:\Users\user\Documents\Learning Hub\client\node_modules\@supabase\realtime-js\dist\main\lib\websocket-factory.js.map","2/7/2026 6:23:46 PM"
"C:\Users\user\Documents\Learning Hub\client\node_modules\@supabase\realtime-js\dist\module\lib","2/7/2026 6:23:46 PM"
"C:\Users\user\Documents\Learning Hub\client\node_modules\@supabase\realtime-js\dist\module\index.d.ts","2/7/2026 6:23:46 PM"
"C:\Users\user\Documents\Learning Hub\client\node_modules\@supabase\realtime-js\dist\module\index.d.ts.map","2/7/2026 6:23:46 PM"
"C:\Users\user\Documents\Learning Hub\client\node_modules\@supabase\realtime-js\dist\module\index.js","2/7/2026 6:23:46 PM"
"C:\Users\user\Documents\Learning Hub\client\node_modules\@supabase\realtime-js\dist\module\index.js.map","2/7/2026 6:23:46 PM"
"C:\Users\user\Documents\Learning Hub\client\node_modules\@supabase\realtime-js\dist\module\RealtimeChannel.d.ts","2/7/2026 6:23:46 PM"
"C:\Users\user\Documents\Learning Hub\client\node_modules\@supabase\realtime-js\dist\module\RealtimeChannel.d.ts.map","2/7/2026 6:23:46 PM"
"C:\Users\user\Documents\Learning Hub\client\node_modules\@supabase\realtime-js\dist\module\RealtimeChannel.js","2/7/2026 6:23:46 PM"
"C:\Users\user\Documents\Learning Hub\client\node_modules\@supabase\realtime-js\dist\module\RealtimeChannel.js.map","2/7/2026 6:23:46 PM"
"C:\Users\user\Documents\Learning Hub\client\node_modules\@supabase\realtime-js\dist\module\RealtimeClient.d.ts","2/7/2026 6:23:46 PM"
"C:\Users\user\Documents\Learning Hub\client\node_modules\@supabase\realtime-js\dist\module\RealtimeClient.d.ts.map","2/7/2026 6:23:46 PM"
"C:\Users\user\Documents\Learning Hub\client\node_modules\@supabase\realtime-js\dist\module\RealtimeClient.js","2/7/2026 6:23:46 PM"
"C:\Users\user\Documents\Learning Hub\client\node_modules\@supabase\realtime-js\dist\module\RealtimeClient.js.map","2/7/2026 6:23:46 PM"
"C:\Users\user\Documents\Learning Hub\client\node_modules\@supabase\realtime-js\dist\module\RealtimePresence.d.ts","2/7/2026 6:23:46 PM"
"C:\Users\user\Documents\Learning Hub\client\node_modules\@supabase\realtime-js\dist\module\RealtimePresence.d.ts.map","2/7/2026 6:23:46 PM"
"C:\Users\user\Documents\Learning Hub\client\node_modules\@supabase\realtime-js\dist\module\RealtimePresence.js","2/7/2026 6:23:46 PM"
"C:\Users\user\Documents\Learning Hub\client\node_modules\@supabase\realtime-js\dist\module\RealtimePresence.js.map","2/7/2026 6:23:46 PM"
"C:\Users\user\Documents\Learning Hub\client\node_modules\@supabase\realtime-js\dist\module\lib\constants.d.ts","2/7/2026 6:23:46 PM"
"C:\Users\user\Documents\Learning Hub\client\node_modules\@supabase\realtime-js\dist\module\lib\constants.d.ts.map","2/7/2026 6:23:46 PM"
"C:\Users\user\Documents\Learning Hub\client\node_modules\@supabase\realtime-js\dist\module\lib\constants.js","2/7/2026 6:23:46 PM"
"C:\Users\user\Documents\Learning Hub\client\node_modules\@supabase\realtime-js\dist\module\lib\constants.js.map","2/7/2026 6:23:46 PM"
"C:\Users\user\Documents\Learning Hub\client\node_modules\@supabase\realtime-js\dist\module\lib\push.d.ts","2/7/2026 6:23:46 PM"
"C:\Users\user\Documents\Learning Hub\client\node_modules\@supabase\realtime-js\dist\module\lib\push.d.ts.map","2/7/2026 6:23:46 PM"
"C:\Users\user\Documents\Learning Hub\client\node_modules\@supabase\realtime-js\dist\module\lib\push.js","2/7/2026 6:23:46 PM"
"C:\Users\user\Documents\Learning Hub\client\node_modules\@supabase\realtime-js\dist\module\lib\push.js.map","2/7/2026 6:23:46 PM"
"C:\Users\user\Documents\Learning Hub\client\node_modules\@supabase\realtime-js\dist\module\lib\serializer.d.ts","2/7/2026 6:23:46 PM"
"C:\Users\user\Documents\Learning Hub\client\node_modules\@supabase\realtime-js\dist\module\lib\serializer.d.ts.map","2/7/2026 6:23:46 PM"
"C:\Users\user\Documents\Learning Hub\client\node_modules\@supabase\realtime-js\dist\module\lib\serializer.js","2/7/2026 6:23:46 PM"
"C:\Users\user\Documents\Learning Hub\client\node_modules\@supabase\realtime-js\dist\module\lib\serializer.js.map","2/7/2026 6:23:46 PM"
"C:\Users\user\Documents\Learning Hub\client\node_modules\@supabase\realtime-js\dist\module\lib\timer.d.ts","2/7/2026 6:23:46 PM"
"C:\Users\user\Documents\Learning Hub\client\node_modules\@supabase\realtime-js\dist\module\lib\timer.d.ts.map","2/7/2026 6:23:46 PM"
"C:\Users\user\Documents\Learning Hub\client\node_modules\@supabase\realtime-js\dist\module\lib\timer.js","2/7/2026 6:23:46 PM"
"C:\Users\user\Documents\Learning Hub\client\node_modules\@supabase\realtime-js\dist\module\lib\timer.js.map","2/7/2026 6:23:46 PM"
"C:\Users\user\Documents\Learning Hub\client\node_modules\@supabase\realtime-js\dist\module\lib\transformers.d.ts","2/7/2026 6:23:46 PM"
"C:\Users\user\Documents\Learning Hub\client\node_modules\@supabase\realtime-js\dist\module\lib\transformers.d.ts.map","2/7/2026 6:23:46 PM"
"C:\Users\user\Documents\Learning Hub\client\node_modules\@supabase\realtime-js\dist\module\lib\transformers.js","2/7/2026 6:23:46 PM"
"C:\Users\user\Documents\Learning Hub\client\node_modules\@supabase\realtime-js\dist\module\lib\transformers.js.map","2/7/2026 6:23:46 PM"
"C:\Users\user\Documents\Learning Hub\client\node_modules\@supabase\realtime-js\dist\module\lib\version.d.ts","2/7/2026 6:23:46 PM"
"C:\Users\user\Documents\Learning Hub\client\node_modules\@supabase\realtime-js\dist\module\lib\version.d.ts.map","2/7/2026 6:23:46 PM"
"C:\Users\user\Documents\Learning Hub\client\node_modules\@supabase\realtime-js\dist\module\lib\version.js","2/7/2026 6:23:46 PM"
"C:\Users\user\Documents\Learning Hub\client\node_modules\@supabase\realtime-js\dist\module\lib\version.js.map","2/7/2026 6:23:46 PM"
"C:\Users\user\Documents\Learning Hub\client\node_modules\@supabase\realtime-js\dist\module\lib\websocket-factory.d.ts","2/7/2026 6:23:46 PM"
"C:\Users\user\Documents\Learning Hub\client\node_modules\@supabase\realtime-js\dist\module\lib\websocket-factory.d.ts.map","2/7/2026 6:23:46 PM"
"C:\Users\user\Documents\Learning Hub\client\node_modules\@supabase\realtime-js\dist\module\lib\websocket-factory.js","2/7/2026 6:23:46 PM"
"C:\Users\user\Documents\Learning Hub\client\node_modules\@supabase\realtime-js\dist\module\lib\websocket-factory.js.map","2/7/2026 6:23:46 PM"
"C:\Users\user\Documents\Learning Hub\client\node_modules\@supabase\realtime-js\src\lib","2/7/2026 6:23:46 PM"
"C:\Users\user\Documents\Learning Hub\client\node_modules\@supabase\realtime-js\src\index.ts","2/7/2026 6:23:46 PM"
"C:\Users\user\Documents\Learning Hub\client\node_modules\@supabase\realtime-js\src\RealtimeChannel.ts","2/7/2026 6:23:46 PM"
"C:\Users\user\Documents\Learning Hub\client\node_modules\@supabase\realtime-js\src\RealtimeClient.ts","2/7/2026 6:23:46 PM"
"C:\Users\user\Documents\Learning Hub\client\node_modules\@supabase\realtime-js\src\RealtimePresence.ts","2/7/2026 6:23:46 PM"
"C:\Users\user\Documents\Learning Hub\client\node_modules\@supabase\realtime-js\src\lib\constants.ts","2/7/2026 6:23:46 PM"
"C:\Users\user\Documents\Learning Hub\client\node_modules\@supabase\realtime-js\src\lib\push.ts","2/7/2026 6:23:46 PM"
"C:\Users\user\Documents\Learning Hub\client\node_modules\@supabase\realtime-js\src\lib\serializer.ts","2/7/2026 6:23:46 PM"
"C:\Users\user\Documents\Learning Hub\client\node_modules\@supabase\realtime-js\src\lib\timer.ts","2/7/2026 6:23:46 PM"
"C:\Users\user\Documents\Learning Hub\client\node_modules\@supabase\realtime-js\src\lib\transformers.ts","2/7/2026 6:23:46 PM"
"C:\Users\user\Documents\Learning Hub\client\node_modules\@supabase\realtime-js\src\lib\version.ts","2/7/2026 6:23:46 PM"
"C:\Users\user\Documents\Learning Hub\client\node_modules\@supabase\realtime-js\src\lib\websocket-factory.ts","2/7/2026 6:23:46 PM"
"C:\Users\user\Documents\Learning Hub\client\node_modules\@supabase\storage-js\dist","2/7/2026 6:23:46 PM"
"C:\Users\user\Documents\Learning Hub\client\node_modules\@supabase\storage-js\src","2/7/2026 6:23:46 PM"
"C:\Users\user\Documents\Learning Hub\client\node_modules\@supabase\storage-js\package.json","2/7/2026 6:23:46 PM"
"C:\Users\user\Documents\Learning Hub\client\node_modules\@supabase\storage-js\README.md","2/7/2026 6:23:46 PM"
"C:\Users\user\Documents\Learning Hub\client\node_modules\@supabase\storage-js\dist\umd","2/7/2026 6:23:46 PM"
"C:\Users\user\Documents\Learning Hub\client\node_modules\@supabase\storage-js\dist\index.cjs","2/7/2026 6:23:46 PM"
"C:\Users\user\Documents\Learning Hub\client\node_modules\@supabase\storage-js\dist\index.cjs.map","2/7/2026 6:23:46 PM"
"C:\Users\user\Documents\Learning Hub\client\node_modules\@supabase\storage-js\dist\index.d.cts","2/7/2026 6:23:46 PM"
"C:\Users\user\Documents\Learning Hub\client\node_modules\@supabase\storage-js\dist\index.d.cts.map","2/7/2026 6:23:46 PM"
"C:\Users\user\Documents\Learning Hub\client\node_modules\@supabase\storage-js\dist\index.d.mts","2/7/2026 6:23:46 PM"
"C:\Users\user\Documents\Learning Hub\client\node_modules\@supabase\storage-js\dist\index.d.mts.map","2/7/2026 6:23:46 PM"
"C:\Users\user\Documents\Learning Hub\client\node_modules\@supabase\storage-js\dist\index.mjs","2/7/2026 6:23:46 PM"
"C:\Users\user\Documents\Learning Hub\client\node_modules\@supabase\storage-js\dist\index.mjs.map","2/7/2026 6:23:46 PM"
"C:\Users\user\Documents\Learning Hub\client\node_modules\@supabase\storage-js\dist\umd\supabase.js","2/7/2026 6:23:46 PM"
"C:\Users\user\Documents\Learning Hub\client\node_modules\@supabase\storage-js\src\lib","2/7/2026 6:23:46 PM"
"C:\Users\user\Documents\Learning Hub\client\node_modules\@supabase\storage-js\src\packages","2/7/2026 6:23:46 PM"
"C:\Users\user\Documents\Learning Hub\client\node_modules\@supabase\storage-js\src\index.ts","2/7/2026 6:23:46 PM"
"C:\Users\user\Documents\Learning Hub\client\node_modules\@supabase\storage-js\src\StorageClient.ts","2/7/2026 6:23:46 PM"
"C:\Users\user\Documents\Learning Hub\client\node_modules\@supabase\storage-js\src\lib\common","2/7/2026 6:23:46 PM"
"C:\Users\user\Documents\Learning Hub\client\node_modules\@supabase\storage-js\src\lib\constants.ts","2/7/2026 6:23:46 PM"
"C:\Users\user\Documents\Learning Hub\client\node_modules\@supabase\storage-js\src\lib\types.ts","2/7/2026 6:23:46 PM"
"C:\Users\user\Documents\Learning Hub\client\node_modules\@supabase\storage-js\src\lib\version.ts","2/7/2026 6:23:46 PM"
"C:\Users\user\Documents\Learning Hub\client\node_modules\@supabase\storage-js\src\lib\common\BaseApiClient.ts","2/7/2026 6:23:46 PM"
"C:\Users\user\Documents\Learning Hub\client\node_modules\@supabase\storage-js\src\lib\common\errors.ts","2/7/2026 6:23:46 PM"
"C:\Users\user\Documents\Learning Hub\client\node_modules\@supabase\storage-js\src\lib\common\fetch.ts","2/7/2026 6:23:46 PM"
"C:\Users\user\Documents\Learning Hub\client\node_modules\@supabase\storage-js\src\lib\common\helpers.ts","2/7/2026 6:23:46 PM"
"C:\Users\user\Documents\Learning Hub\client\node_modules\@supabase\storage-js\src\packages\BlobDownloadBuilder.ts","2/7/2026 6:23:46 PM"
"C:\Users\user\Documents\Learning Hub\client\node_modules\@supabase\storage-js\src\packages\StorageAnalyticsClient.ts","2/7/2026 6:23:46 PM"
"C:\Users\user\Documents\Learning Hub\client\node_modules\@supabase\storage-js\src\packages\StorageBucketApi.ts","2/7/2026 6:23:46 PM"
"C:\Users\user\Documents\Learning Hub\client\node_modules\@supabase\storage-js\src\packages\StorageFileApi.ts","2/7/2026 6:23:46 PM"
"C:\Users\user\Documents\Learning Hub\client\node_modules\@supabase\storage-js\src\packages\StorageVectorsClient.ts","2/7/2026 6:23:46 PM"
"C:\Users\user\Documents\Learning Hub\client\node_modules\@supabase\storage-js\src\packages\StreamDownloadBuilder.ts","2/7/2026 6:23:46 PM"
"C:\Users\user\Documents\Learning Hub\client\node_modules\@supabase\storage-js\src\packages\VectorBucketApi.ts","2/7/2026 6:23:46 PM"
"C:\Users\user\Documents\Learning Hub\client\node_modules\@supabase\storage-js\src\packages\VectorDataApi.ts","2/7/2026 6:23:46 PM"
"C:\Users\user\Documents\Learning Hub\client\node_modules\@supabase\storage-js\src\packages\VectorIndexApi.ts","2/7/2026 6:23:46 PM"
"C:\Users\user\Documents\Learning Hub\client\node_modules\@supabase\supabase-js\dist","2/7/2026 6:23:46 PM"
"C:\Users\user\Documents\Learning Hub\client\node_modules\@supabase\supabase-js\src","2/7/2026 6:23:46 PM"
"C:\Users\user\Documents\Learning Hub\client\node_modules\@supabase\supabase-js\package.json","2/7/2026 6:23:46 PM"
"C:\Users\user\Documents\Learning Hub\client\node_modules\@supabase\supabase-js\README.md","2/7/2026 6:23:46 PM"
"C:\Users\user\Documents\Learning Hub\client\node_modules\@supabase\supabase-js\dist\umd","2/7/2026 6:23:46 PM"
"C:\Users\user\Documents\Learning Hub\client\node_modules\@supabase\supabase-js\dist\cors.cjs","2/7/2026 6:23:46 PM"
"C:\Users\user\Documents\Learning Hub\client\node_modules\@supabase\supabase-js\dist\cors.cjs.map","2/7/2026 6:23:46 PM"
"C:\Users\user\Documents\Learning Hub\client\node_modules\@supabase\supabase-js\dist\cors.d.cts","2/7/2026 6:23:46 PM"
"C:\Users\user\Documents\Learning Hub\client\node_modules\@supabase\supabase-js\dist\cors.d.cts.map","2/7/2026 6:23:46 PM"
"C:\Users\user\Documents\Learning Hub\client\node_modules\@supabase\supabase-js\dist\cors.d.mts","2/7/2026 6:23:46 PM"
"C:\Users\user\Documents\Learning Hub\client\node_modules\@supabase\supabase-js\dist\cors.d.mts.map","2/7/2026 6:23:46 PM"
"C:\Users\user\Documents\Learning Hub\client\node_modules\@supabase\supabase-js\dist\cors.mjs","2/7/2026 6:23:46 PM"
"C:\Users\user\Documents\Learning Hub\client\node_modules\@supabase\supabase-js\dist\cors.mjs.map","2/7/2026 6:23:46 PM"
"C:\Users\user\Documents\Learning Hub\client\node_modules\@supabase\supabase-js\dist\index.cjs","2/7/2026 6:23:46 PM"
"C:\Users\user\Documents\Learning Hub\client\node_modules\@supabase\supabase-js\dist\index.cjs.map","2/7/2026 6:23:46 PM"
"C:\Users\user\Documents\Learning Hub\client\node_modules\@supabase\supabase-js\dist\index.d.cts","2/7/2026 6:23:46 PM"
"C:\Users\user\Documents\Learning Hub\client\node_modules\@supabase\supabase-js\dist\index.d.cts.map","2/7/2026 6:23:46 PM"
"C:\Users\user\Documents\Learning Hub\client\node_modules\@supabase\supabase-js\dist\index.d.mts","2/7/2026 6:23:46 PM"
"C:\Users\user\Documents\Learning Hub\client\node_modules\@supabase\supabase-js\dist\index.d.mts.map","2/7/2026 6:23:46 PM"
"C:\Users\user\Documents\Learning Hub\client\node_modules\@supabase\supabase-js\dist\index.mjs","2/7/2026 6:23:46 PM"
"C:\Users\user\Documents\Learning Hub\client\node_modules\@supabase\supabase-js\dist\index.mjs.map","2/7/2026 6:23:46 PM"
"C:\Users\user\Documents\Learning Hub\client\node_modules\@supabase\supabase-js\dist\umd\supabase.js","2/7/2026 6:23:46 PM"
"C:\Users\user\Documents\Learning Hub\client\node_modules\@supabase\supabase-js\src\lib","2/7/2026 6:23:46 PM"
"C:\Users\user\Documents\Learning Hub\client\node_modules\@supabase\supabase-js\src\cors.ts","2/7/2026 6:23:46 PM"
"C:\Users\user\Documents\Learning Hub\client\node_modules\@supabase\supabase-js\src\index.ts","2/7/2026 6:23:46 PM"
"C:\Users\user\Documents\Learning Hub\client\node_modules\@supabase\supabase-js\src\SupabaseClient.ts","2/7/2026 6:23:46 PM"
"C:\Users\user\Documents\Learning Hub\client\node_modules\@supabase\supabase-js\src\lib\rest","2/7/2026 6:23:46 PM"
"C:\Users\user\Documents\Learning Hub\client\node_modules\@supabase\supabase-js\src\lib\constants.ts","2/7/2026 6:23:46 PM"
"C:\Users\user\Documents\Learning Hub\client\node_modules\@supabase\supabase-js\src\lib\fetch.ts","2/7/2026 6:23:46 PM"
"C:\Users\user\Documents\Learning Hub\client\node_modules\@supabase\supabase-js\src\lib\helpers.ts","2/7/2026 6:23:46 PM"
"C:\Users\user\Documents\Learning Hub\client\node_modules\@supabase\supabase-js\src\lib\SupabaseAuthClient.ts","2/7/2026 6:23:46 PM"
"C:\Users\user\Documents\Learning Hub\client\node_modules\@supabase\supabase-js\src\lib\types.ts","2/7/2026 6:23:46 PM"
"C:\Users\user\Documents\Learning Hub\client\node_modules\@supabase\supabase-js\src\lib\version.ts","2/7/2026 6:23:46 PM"
"C:\Users\user\Documents\Learning Hub\client\node_modules\@supabase\supabase-js\src\lib\rest\types","2/7/2026 6:23:46 PM"
"C:\Users\user\Documents\Learning Hub\client\node_modules\@supabase\supabase-js\src\lib\rest\types\common","2/7/2026 6:23:46 PM"
"C:\Users\user\Documents\Learning Hub\client\node_modules\@supabase\supabase-js\src\lib\rest\types\common\common.ts","2/7/2026 6:23:46 PM"
"C:\Users\user\Documents\Learning Hub\client\node_modules\@supabase\supabase-js\src\lib\rest\types\common\rpc.ts","2/7/2026 6:23:46 PM"
"C:\Users\user\Documents\Learning Hub\client\node_modules\@types\node","2/7/2026 6:23:46 PM"
"C:\Users\user\Documents\Learning Hub\client\node_modules\@types\phoenix","2/7/2026 6:23:46 PM"
"C:\Users\user\Documents\Learning Hub\client\node_modules\@types\ws","2/7/2026 6:23:46 PM"
"C:\Users\user\Documents\Learning Hub\client\node_modules\@types\node\assert","2/7/2026 6:23:46 PM"
"C:\Users\user\Documents\Learning Hub\client\node_modules\@types\node\compatibility","2/7/2026 6:23:46 PM"
"C:\Users\user\Documents\Learning Hub\client\node_modules\@types\node\dns","2/7/2026 6:23:46 PM"
"C:\Users\user\Documents\Learning Hub\client\node_modules\@types\node\fs","2/7/2026 6:23:46 PM"
"C:\Users\user\Documents\Learning Hub\client\node_modules\@types\node\inspector","2/7/2026 6:23:46 PM"
"C:\Users\user\Documents\Learning Hub\client\node_modules\@types\node\path","2/7/2026 6:23:46 PM"
"C:\Users\user\Documents\Learning Hub\client\node_modules\@types\node\readline","2/7/2026 6:23:46 PM"
"C:\Users\user\Documents\Learning Hub\client\node_modules\@types\node\stream","2/7/2026 6:23:46 PM"
"C:\Users\user\Documents\Learning Hub\client\node_modules\@types\node\test","2/7/2026 6:23:46 PM"
"C:\Users\user\Documents\Learning Hub\client\node_modules\@types\node\timers","2/7/2026 6:23:46 PM"
"C:\Users\user\Documents\Learning Hub\client\node_modules\@types\node\ts5.6","2/7/2026 6:23:46 PM"
"C:\Users\user\Documents\Learning Hub\client\node_modules\@types\node\ts5.7","2/7/2026 6:23:46 PM"
"C:\Users\user\Documents\Learning Hub\client\node_modules\@types\node\util","2/7/2026 6:23:46 PM"
"C:\Users\user\Documents\Learning Hub\client\node_modules\@types\node\web-globals","2/7/2026 6:23:46 PM"
"C:\Users\user\Documents\Learning Hub\client\node_modules\@types\node\assert.d.ts","2/7/2026 6:23:46 PM"
"C:\Users\user\Documents\Learning Hub\client\node_modules\@types\node\async_hooks.d.ts","2/7/2026 6:23:46 PM"
"C:\Users\user\Documents\Learning Hub\client\node_modules\@types\node\buffer.buffer.d.ts","2/7/2026 6:23:46 PM"
"C:\Users\user\Documents\Learning Hub\client\node_modules\@types\node\buffer.d.ts","2/7/2026 6:23:46 PM"
"C:\Users\user\Documents\Learning Hub\client\node_modules\@types\node\child_process.d.ts","2/7/2026 6:23:46 PM"
"C:\Users\user\Documents\Learning Hub\client\node_modules\@types\node\cluster.d.ts","2/7/2026 6:23:46 PM"
"C:\Users\user\Documents\Learning Hub\client\node_modules\@types\node\console.d.ts","2/7/2026 6:23:46 PM"
"C:\Users\user\Documents\Learning Hub\client\node_modules\@types\node\constants.d.ts","2/7/2026 6:23:46 PM"
"C:\Users\user\Documents\Learning Hub\client\node_modules\@types\node\crypto.d.ts","2/7/2026 6:23:46 PM"
"C:\Users\user\Documents\Learning Hub\client\node_modules\@types\node\dgram.d.ts","2/7/2026 6:23:46 PM"
"C:\Users\user\Documents\Learning Hub\client\node_modules\@types\node\diagnostics_channel.d.ts","2/7/2026 6:23:46 PM"
"C:\Users\user\Documents\Learning Hub\client\node_modules\@types\node\dns.d.ts","2/7/2026 6:23:46 PM"
"C:\Users\user\Documents\Learning Hub\client\node_modules\@types\node\domain.d.ts","2/7/2026 6:23:46 PM"
"C:\Users\user\Documents\Learning Hub\client\node_modules\@types\node\events.d.ts","2/7/2026 6:23:46 PM"
"C:\Users\user\Documents\Learning Hub\client\node_modules\@types\node\fs.d.ts","2/7/2026 6:23:46 PM"
"C:\Users\user\Documents\Learning Hub\client\node_modules\@types\node\globals.d.ts","2/7/2026 6:23:46 PM"
"C:\Users\user\Documents\Learning Hub\client\node_modules\@types\node\globals.typedarray.d.ts","2/7/2026 6:23:46 PM"
"C:\Users\user\Documents\Learning Hub\client\node_modules\@types\node\http.d.ts","2/7/2026 6:23:46 PM"
"C:\Users\user\Documents\Learning Hub\client\node_modules\@types\node\http2.d.ts","2/7/2026 6:23:46 PM"
"C:\Users\user\Documents\Learning Hub\client\node_modules\@types\node\https.d.ts","2/7/2026 6:23:46 PM"
"C:\Users\user\Documents\Learning Hub\client\node_modules\@types\node\index.d.ts","2/7/2026 6:23:46 PM"
"C:\Users\user\Documents\Learning Hub\client\node_modules\@types\node\inspector.d.ts","2/7/2026 6:23:46 PM"
"C:\Users\user\Documents\Learning Hub\client\node_modules\@types\node\inspector.generated.d.ts","2/7/2026 6:23:46 PM"
"C:\Users\user\Documents\Learning Hub\client\node_modules\@types\node\LICENSE","2/7/2026 6:23:46 PM"
"C:\Users\user\Documents\Learning Hub\client\node_modules\@types\node\module.d.ts","2/7/2026 6:23:46 PM"
"C:\Users\user\Documents\Learning Hub\client\node_modules\@types\node\net.d.ts","2/7/2026 6:23:46 PM"
"C:\Users\user\Documents\Learning Hub\client\node_modules\@types\node\os.d.ts","2/7/2026 6:23:46 PM"
"C:\Users\user\Documents\Learning Hub\client\node_modules\@types\node\package.json","2/7/2026 6:23:46 PM"
"C:\Users\user\Documents\Learning Hub\client\node_modules\@types\node\path.d.ts","2/7/2026 6:23:46 PM"
"C:\Users\user\Documents\Learning Hub\client\node_modules\@types\node\perf_hooks.d.ts","2/7/2026 6:23:46 PM"
"C:\Users\user\Documents\Learning Hub\client\node_modules\@types\node\process.d.ts","2/7/2026 6:23:46 PM"
"C:\Users\user\Documents\Learning Hub\client\node_modules\@types\node\punycode.d.ts","2/7/2026 6:23:46 PM"
"C:\Users\user\Documents\Learning Hub\client\node_modules\@types\node\querystring.d.ts","2/7/2026 6:23:46 PM"
"C:\Users\user\Documents\Learning Hub\client\node_modules\@types\node\quic.d.ts","2/7/2026 6:23:46 PM"
"C:\Users\user\Documents\Learning Hub\client\node_modules\@types\node\readline.d.ts","2/7/2026 6:23:46 PM"
"C:\Users\user\Documents\Learning Hub\client\node_modules\@types\node\README.md","2/7/2026 6:23:46 PM"
"C:\Users\user\Documents\Learning Hub\client\node_modules\@types\node\repl.d.ts","2/7/2026 6:23:46 PM"
"C:\Users\user\Documents\Learning Hub\client\node_modules\@types\node\sea.d.ts","2/7/2026 6:23:46 PM"
"C:\Users\user\Documents\Learning Hub\client\node_modules\@types\node\sqlite.d.ts","2/7/2026 6:23:46 PM"
"C:\Users\user\Documents\Learning Hub\client\node_modules\@types\node\stream.d.ts","2/7/2026 6:23:46 PM"
"C:\Users\user\Documents\Learning Hub\client\node_modules\@types\node\string_decoder.d.ts","2/7/2026 6:23:46 PM"
"C:\Users\user\Documents\Learning Hub\client\node_modules\@types\node\test.d.ts","2/7/2026 6:23:46 PM"
"C:\Users\user\Documents\Learning Hub\client\node_modules\@types\node\timers.d.ts","2/7/2026 6:23:46 PM"
"C:\Users\user\Documents\Learning Hub\client\node_modules\@types\node\tls.d.ts","2/7/2026 6:23:46 PM"
"C:\Users\user\Documents\Learning Hub\client\node_modules\@types\node\trace_events.d.ts","2/7/2026 6:23:46 PM"
"C:\Users\user\Documents\Learning Hub\client\node_modules\@types\node\tty.d.ts","2/7/2026 6:23:46 PM"
"C:\Users\user\Documents\Learning Hub\client\node_modules\@types\node\url.d.ts","2/7/2026 6:23:46 PM"
"C:\Users\user\Documents\Learning Hub\client\node_modules\@types\node\util.d.ts","2/7/2026 6:23:46 PM"
"C:\Users\user\Documents\Learning Hub\client\node_modules\@types\node\v8.d.ts","2/7/2026 6:23:46 PM"
"C:\Users\user\Documents\Learning Hub\client\node_modules\@types\node\vm.d.ts","2/7/2026 6:23:46 PM"
"C:\Users\user\Documents\Learning Hub\client\node_modules\@types\node\wasi.d.ts","2/7/2026 6:23:46 PM"
"C:\Users\user\Documents\Learning Hub\client\node_modules\@types\node\worker_threads.d.ts","2/7/2026 6:23:46 PM"
"C:\Users\user\Documents\Learning Hub\client\node_modules\@types\node\zlib.d.ts","2/7/2026 6:23:46 PM"
"C:\Users\user\Documents\Learning Hub\client\node_modules\@types\node\assert\strict.d.ts","2/7/2026 6:23:46 PM"
"C:\Users\user\Documents\Learning Hub\client\node_modules\@types\node\compatibility\iterators.d.ts","2/7/2026 6:23:46 PM"
"C:\Users\user\Documents\Learning Hub\client\node_modules\@types\node\dns\promises.d.ts","2/7/2026 6:23:46 PM"
"C:\Users\user\Documents\Learning Hub\client\node_modules\@types\node\fs\promises.d.ts","2/7/2026 6:23:46 PM"
"C:\Users\user\Documents\Learning Hub\client\node_modules\@types\node\inspector\promises.d.ts","2/7/2026 6:23:46 PM"
"C:\Users\user\Documents\Learning Hub\client\node_modules\@types\node\path\posix.d.ts","2/7/2026 6:23:46 PM"
"C:\Users\user\Documents\Learning Hub\client\node_modules\@types\node\path\win32.d.ts","2/7/2026 6:23:46 PM"
"C:\Users\user\Documents\Learning Hub\client\node_modules\@types\node\readline\promises.d.ts","2/7/2026 6:23:46 PM"
"C:\Users\user\Documents\Learning Hub\client\node_modules\@types\node\stream\consumers.d.ts","2/7/2026 6:23:46 PM"
"C:\Users\user\Documents\Learning Hub\client\node_modules\@types\node\stream\promises.d.ts","2/7/2026 6:23:46 PM"
"C:\Users\user\Documents\Learning Hub\client\node_modules\@types\node\stream\web.d.ts","2/7/2026 6:23:46 PM"
"C:\Users\user\Documents\Learning Hub\client\node_modules\@types\node\test\reporters.d.ts","2/7/2026 6:23:46 PM"
"C:\Users\user\Documents\Learning Hub\client\node_modules\@types\node\timers\promises.d.ts","2/7/2026 6:23:46 PM"
"C:\Users\user\Documents\Learning Hub\client\node_modules\@types\node\ts5.6\compatibility","2/7/2026 6:23:46 PM"
"C:\Users\user\Documents\Learning Hub\client\node_modules\@types\node\ts5.6\buffer.buffer.d.ts","2/7/2026 6:23:46 PM"
"C:\Users\user\Documents\Learning Hub\client\node_modules\@types\node\ts5.6\globals.typedarray.d.ts","2/7/2026 6:23:46 PM"
"C:\Users\user\Documents\Learning Hub\client\node_modules\@types\node\ts5.6\index.d.ts","2/7/2026 6:23:46 PM"
"C:\Users\user\Documents\Learning Hub\client\node_modules\@types\node\ts5.6\compatibility\float16array.d.ts","2/7/2026 6:23:46 PM"
"C:\Users\user\Documents\Learning Hub\client\node_modules\@types\node\ts5.7\compatibility","2/7/2026 6:23:46 PM"
"C:\Users\user\Documents\Learning Hub\client\node_modules\@types\node\ts5.7\index.d.ts","2/7/2026 6:23:46 PM"
"C:\Users\user\Documents\Learning Hub\client\node_modules\@types\node\ts5.7\compatibility\float16array.d.ts","2/7/2026 6:23:46 PM"
"C:\Users\user\Documents\Learning Hub\client\node_modules\@types\node\util\types.d.ts","2/7/2026 6:23:46 PM"
"C:\Users\user\Documents\Learning Hub\client\node_modules\@types\node\web-globals\abortcontroller.d.ts","2/7/2026 6:23:46 PM"
"C:\Users\user\Documents\Learning Hub\client\node_modules\@types\node\web-globals\blob.d.ts","2/7/2026 6:23:46 PM"
"C:\Users\user\Documents\Learning Hub\client\node_modules\@types\node\web-globals\console.d.ts","2/7/2026 6:23:46 PM"
"C:\Users\user\Documents\Learning Hub\client\node_modules\@types\node\web-globals\crypto.d.ts","2/7/2026 6:23:46 PM"
"C:\Users\user\Documents\Learning Hub\client\node_modules\@types\node\web-globals\domexception.d.ts","2/7/2026 6:23:46 PM"
"C:\Users\user\Documents\Learning Hub\client\node_modules\@types\node\web-globals\encoding.d.ts","2/7/2026 6:23:46 PM"
"C:\Users\user\Documents\Learning Hub\client\node_modules\@types\node\web-globals\events.d.ts","2/7/2026 6:23:46 PM"
"C:\Users\user\Documents\Learning Hub\client\node_modules\@types\node\web-globals\fetch.d.ts","2/7/2026 6:23:46 PM"
"C:\Users\user\Documents\Learning Hub\client\node_modules\@types\node\web-globals\importmeta.d.ts","2/7/2026 6:23:46 PM"
"C:\Users\user\Documents\Learning Hub\client\node_modules\@types\node\web-globals\messaging.d.ts","2/7/2026 6:23:46 PM"
"C:\Users\user\Documents\Learning Hub\client\node_modules\@types\node\web-globals\navigator.d.ts","2/7/2026 6:23:46 PM"
"C:\Users\user\Documents\Learning Hub\client\node_modules\@types\node\web-globals\performance.d.ts","2/7/2026 6:23:46 PM"
"C:\Users\user\Documents\Learning Hub\client\node_modules\@types\node\web-globals\storage.d.ts","2/7/2026 6:23:46 PM"
"C:\Users\user\Documents\Learning Hub\client\node_modules\@types\node\web-globals\streams.d.ts","2/7/2026 6:23:46 PM"
"C:\Users\user\Documents\Learning Hub\client\node_modules\@types\node\web-globals\timers.d.ts","2/7/2026 6:23:46 PM"
"C:\Users\user\Documents\Learning Hub\client\node_modules\@types\node\web-globals\url.d.ts","2/7/2026 6:23:46 PM"
"C:\Users\user\Documents\Learning Hub\client\node_modules\@types\phoenix\index.d.ts","2/7/2026 6:23:46 PM"
"C:\Users\user\Documents\Learning Hub\client\node_modules\@types\phoenix\LICENSE","2/7/2026 6:23:46 PM"
"C:\Users\user\Documents\Learning Hub\client\node_modules\@types\phoenix\package.json","2/7/2026 6:23:46 PM"
"C:\Users\user\Documents\Learning Hub\client\node_modules\@types\phoenix\README.md","2/7/2026 6:23:46 PM"
"C:\Users\user\Documents\Learning Hub\client\node_modules\@types\ws\index.d.mts","2/7/2026 6:23:46 PM"
"C:\Users\user\Documents\Learning Hub\client\node_modules\@types\ws\index.d.ts","2/7/2026 6:23:46 PM"
"C:\Users\user\Documents\Learning Hub\client\node_modules\@types\ws\LICENSE","2/7/2026 6:23:46 PM"
"C:\Users\user\Documents\Learning Hub\client\node_modules\@types\ws\package.json","2/7/2026 6:23:46 PM"
"C:\Users\user\Documents\Learning Hub\client\node_modules\@types\ws\README.md","2/7/2026 6:23:46 PM"
"C:\Users\user\Documents\Learning Hub\client\node_modules\iceberg-js\dist","2/7/2026 6:23:46 PM"
"C:\Users\user\Documents\Learning Hub\client\node_modules\iceberg-js\LICENSE","2/7/2026 6:23:46 PM"
"C:\Users\user\Documents\Learning Hub\client\node_modules\iceberg-js\package.json","2/7/2026 6:23:46 PM"
"C:\Users\user\Documents\Learning Hub\client\node_modules\iceberg-js\README.md","2/7/2026 6:23:46 PM"
"C:\Users\user\Documents\Learning Hub\client\node_modules\iceberg-js\dist\index.cjs","2/7/2026 6:23:46 PM"
"C:\Users\user\Documents\Learning Hub\client\node_modules\iceberg-js\dist\index.cjs.map","2/7/2026 6:23:46 PM"
"C:\Users\user\Documents\Learning Hub\client\node_modules\iceberg-js\dist\index.d.cts","2/7/2026 6:23:46 PM"
"C:\Users\user\Documents\Learning Hub\client\node_modules\iceberg-js\dist\index.d.ts","2/7/2026 6:23:46 PM"
"C:\Users\user\Documents\Learning Hub\client\node_modules\iceberg-js\dist\index.mjs","2/7/2026 6:23:46 PM"
"C:\Users\user\Documents\Learning Hub\client\node_modules\iceberg-js\dist\index.mjs.map","2/7/2026 6:23:46 PM"
"C:\Users\user\Documents\Learning Hub\client\node_modules\tslib\modules","2/7/2026 6:23:46 PM"
"C:\Users\user\Documents\Learning Hub\client\node_modules\tslib\CopyrightNotice.txt","2/7/2026 6:23:46 PM"
"C:\Users\user\Documents\Learning Hub\client\node_modules\tslib\LICENSE.txt","2/7/2026 6:23:46 PM"
"C:\Users\user\Documents\Learning Hub\client\node_modules\tslib\package.json","2/7/2026 6:23:46 PM"
"C:\Users\user\Documents\Learning Hub\client\node_modules\tslib\README.md","2/7/2026 6:23:46 PM"
"C:\Users\user\Documents\Learning Hub\client\node_modules\tslib\SECURITY.md","2/7/2026 6:23:46 PM"
"C:\Users\user\Documents\Learning Hub\client\node_modules\tslib\tslib.d.ts","2/7/2026 6:23:46 PM"
"C:\Users\user\Documents\Learning Hub\client\node_modules\tslib\tslib.es6.html","2/7/2026 6:23:46 PM"
"C:\Users\user\Documents\Learning Hub\client\node_modules\tslib\tslib.es6.js","2/7/2026 6:23:46 PM"
"C:\Users\user\Documents\Learning Hub\client\node_modules\tslib\tslib.es6.mjs","2/7/2026 6:23:46 PM"
"C:\Users\user\Documents\Learning Hub\client\node_modules\tslib\tslib.html","2/7/2026 6:23:46 PM"
"C:\Users\user\Documents\Learning Hub\client\node_modules\tslib\tslib.js","2/7/2026 6:23:46 PM"
"C:\Users\user\Documents\Learning Hub\client\node_modules\tslib\modules\index.d.ts","2/7/2026 6:23:46 PM"
"C:\Users\user\Documents\Learning Hub\client\node_modules\tslib\modules\index.js","2/7/2026 6:23:46 PM"
"C:\Users\user\Documents\Learning Hub\client\node_modules\tslib\modules\package.json","2/7/2026 6:23:46 PM"
"C:\Users\user\Documents\Learning Hub\client\node_modules\undici-types\agent.d.ts","2/7/2026 6:23:46 PM"
"C:\Users\user\Documents\Learning Hub\client\node_modules\undici-types\api.d.ts","2/7/2026 6:23:46 PM"
"C:\Users\user\Documents\Learning Hub\client\node_modules\undici-types\balanced-pool.d.ts","2/7/2026 6:23:46 PM"
"C:\Users\user\Documents\Learning Hub\client\node_modules\undici-types\cache-interceptor.d.ts","2/7/2026 6:23:46 PM"
"C:\Users\user\Documents\Learning Hub\client\node_modules\undici-types\cache.d.ts","2/7/2026 6:23:46 PM"
"C:\Users\user\Documents\Learning Hub\client\node_modules\undici-types\client-stats.d.ts","2/7/2026 6:23:46 PM"
"C:\Users\user\Documents\Learning Hub\client\node_modules\undici-types\client.d.ts","2/7/2026 6:23:46 PM"
"C:\Users\user\Documents\Learning Hub\client\node_modules\undici-types\connector.d.ts","2/7/2026 6:23:46 PM"
"C:\Users\user\Documents\Learning Hub\client\node_modules\undici-types\content-type.d.ts","2/7/2026 6:23:46 PM"
"C:\Users\user\Documents\Learning Hub\client\node_modules\undici-types\cookies.d.ts","2/7/2026 6:23:46 PM"
"C:\Users\user\Documents\Learning Hub\client\node_modules\undici-types\diagnostics-channel.d.ts","2/7/2026 6:23:46 PM"
"C:\Users\user\Documents\Learning Hub\client\node_modules\undici-types\dispatcher.d.ts","2/7/2026 6:23:46 PM"
"C:\Users\user\Documents\Learning Hub\client\node_modules\undici-types\env-http-proxy-agent.d.ts","2/7/2026 6:23:46 PM"
"C:\Users\user\Documents\Learning Hub\client\node_modules\undici-types\errors.d.ts","2/7/2026 6:23:46 PM"
"C:\Users\user\Documents\Learning Hub\client\node_modules\undici-types\eventsource.d.ts","2/7/2026 6:23:46 PM"
"C:\Users\user\Documents\Learning Hub\client\node_modules\undici-types\fetch.d.ts","2/7/2026 6:23:46 PM"
"C:\Users\user\Documents\Learning Hub\client\node_modules\undici-types\formdata.d.ts","2/7/2026 6:23:46 PM"
"C:\Users\user\Documents\Learning Hub\client\node_modules\undici-types\global-dispatcher.d.ts","2/7/2026 6:23:46 PM"
"C:\Users\user\Documents\Learning Hub\client\node_modules\undici-types\global-origin.d.ts","2/7/2026 6:23:46 PM"
"C:\Users\user\Documents\Learning Hub\client\node_modules\undici-types\h2c-client.d.ts","2/7/2026 6:23:46 PM"
"C:\Users\user\Documents\Learning Hub\client\node_modules\undici-types\handlers.d.ts","2/7/2026 6:23:46 PM"
"C:\Users\user\Documents\Learning Hub\client\node_modules\undici-types\header.d.ts","2/7/2026 6:23:46 PM"
"C:\Users\user\Documents\Learning Hub\client\node_modules\undici-types\index.d.ts","2/7/2026 6:23:46 PM"
"C:\Users\user\Documents\Learning Hub\client\node_modules\undici-types\interceptors.d.ts","2/7/2026 6:23:46 PM"
"C:\Users\user\Documents\Learning Hub\client\node_modules\undici-types\LICENSE","2/7/2026 6:23:46 PM"
"C:\Users\user\Documents\Learning Hub\client\node_modules\undici-types\mock-agent.d.ts","2/7/2026 6:23:46 PM"
"C:\Users\user\Documents\Learning Hub\client\node_modules\undici-types\mock-call-history.d.ts","2/7/2026 6:23:46 PM"
"C:\Users\user\Documents\Learning Hub\client\node_modules\undici-types\mock-client.d.ts","2/7/2026 6:23:46 PM"
"C:\Users\user\Documents\Learning Hub\client\node_modules\undici-types\mock-errors.d.ts","2/7/2026 6:23:46 PM"
"C:\Users\user\Documents\Learning Hub\client\node_modules\undici-types\mock-interceptor.d.ts","2/7/2026 6:23:46 PM"
"C:\Users\user\Documents\Learning Hub\client\node_modules\undici-types\mock-pool.d.ts","2/7/2026 6:23:46 PM"
"C:\Users\user\Documents\Learning Hub\client\node_modules\undici-types\package.json","2/7/2026 6:23:46 PM"
"C:\Users\user\Documents\Learning Hub\client\node_modules\undici-types\patch.d.ts","2/7/2026 6:23:46 PM"
"C:\Users\user\Documents\Learning Hub\client\node_modules\undici-types\pool-stats.d.ts","2/7/2026 6:23:46 PM"
"C:\Users\user\Documents\Learning Hub\client\node_modules\undici-types\pool.d.ts","2/7/2026 6:23:46 PM"
"C:\Users\user\Documents\Learning Hub\client\node_modules\undici-types\proxy-agent.d.ts","2/7/2026 6:23:46 PM"
"C:\Users\user\Documents\Learning Hub\client\node_modules\undici-types\readable.d.ts","2/7/2026 6:23:46 PM"
"C:\Users\user\Documents\Learning Hub\client\node_modules\undici-types\README.md","2/7/2026 6:23:46 PM"
"C:\Users\user\Documents\Learning Hub\client\node_modules\undici-types\retry-agent.d.ts","2/7/2026 6:23:46 PM"
"C:\Users\user\Documents\Learning Hub\client\node_modules\undici-types\retry-handler.d.ts","2/7/2026 6:23:46 PM"
"C:\Users\user\Documents\Learning Hub\client\node_modules\undici-types\snapshot-agent.d.ts","2/7/2026 6:23:46 PM"
"C:\Users\user\Documents\Learning Hub\client\node_modules\undici-types\util.d.ts","2/7/2026 6:23:46 PM"
"C:\Users\user\Documents\Learning Hub\client\node_modules\undici-types\utility.d.ts","2/7/2026 6:23:46 PM"
"C:\Users\user\Documents\Learning Hub\client\node_modules\undici-types\webidl.d.ts","2/7/2026 6:23:46 PM"
"C:\Users\user\Documents\Learning Hub\client\node_modules\undici-types\websocket.d.ts","2/7/2026 6:23:46 PM"
"C:\Users\user\Documents\Learning Hub\client\node_modules\ws\lib","2/7/2026 6:23:46 PM"
"C:\Users\user\Documents\Learning Hub\client\node_modules\ws\browser.js","2/7/2026 6:23:46 PM"
"C:\Users\user\Documents\Learning Hub\client\node_modules\ws\index.js","2/7/2026 6:23:46 PM"
"C:\Users\user\Documents\Learning Hub\client\node_modules\ws\LICENSE","2/7/2026 6:23:46 PM"
"C:\Users\user\Documents\Learning Hub\client\node_modules\ws\package.json","2/7/2026 6:23:46 PM"
"C:\Users\user\Documents\Learning Hub\client\node_modules\ws\README.md","2/7/2026 6:23:46 PM"
"C:\Users\user\Documents\Learning Hub\client\node_modules\ws\wrapper.mjs","2/7/2026 6:23:46 PM"
"C:\Users\user\Documents\Learning Hub\client\node_modules\ws\lib\buffer-util.js","2/7/2026 6:23:46 PM"
"C:\Users\user\Documents\Learning Hub\client\node_modules\ws\lib\constants.js","2/7/2026 6:23:46 PM"
"C:\Users\user\Documents\Learning Hub\client\node_modules\ws\lib\event-target.js","2/7/2026 6:23:46 PM"
"C:\Users\user\Documents\Learning Hub\client\node_modules\ws\lib\extension.js","2/7/2026 6:23:46 PM"
"C:\Users\user\Documents\Learning Hub\client\node_modules\ws\lib\limiter.js","2/7/2026 6:23:46 PM"
"C:\Users\user\Documents\Learning Hub\client\node_modules\ws\lib\permessage-deflate.js","2/7/2026 6:23:46 PM"
"C:\Users\user\Documents\Learning Hub\client\node_modules\ws\lib\receiver.js","2/7/2026 6:23:46 PM"
"C:\Users\user\Documents\Learning Hub\client\node_modules\ws\lib\sender.js","2/7/2026 6:23:46 PM"
"C:\Users\user\Documents\Learning Hub\client\node_modules\ws\lib\stream.js","2/7/2026 6:23:46 PM"
"C:\Users\user\Documents\Learning Hub\client\node_modules\ws\lib\subprotocol.js","2/7/2026 6:23:46 PM"
"C:\Users\user\Documents\Learning Hub\client\node_modules\ws\lib\validation.js","2/7/2026 6:23:46 PM"
"C:\Users\user\Documents\Learning Hub\client\node_modules\ws\lib\websocket-server.js","2/7/2026 6:23:46 PM"
"C:\Users\user\Documents\Learning Hub\client\node_modules\ws\lib\websocket.js","2/7/2026 6:23:46 PM"
"C:\Users\user\Documents\Learning Hub\client\src\lib","2/7/2026 8:33:58 PM"
"C:\Users\user\Documents\Learning Hub\client\src\components\auth","2/7/2026 8:33:58 PM"
